 advice, reward, choices, results, timeToReadInstructions, timeToTakeQuiz, quizWrongTriesCounter, answerTimePerRound
1 1 0 0 1 0 1 0 0 0,498,1 1 0 0 1 0 1 1 0 1,25 68 21 22 67 69 77 58 15 76,58.7955,31.6720,0,4.9749 4.6716 1.3519 5.3117 2.5919 5.9437 1.7679 2.2798 3.6882 1.1999
0 0 1 1 0 1 1 0 1 1,569,1 1 0 1 1 1 1 1 1 1,88 68 42 55 74 28 92 13 70 39,74.4618,29.8570,1,9.7573 4.1679 12.2731 4.3139 2.0466 1.8800 1.4343 2.0821 1.3854 3.2195
0 0 1 0 0 1 0 0 1 1,438,0 1 0 1 1 1 1 0 0 1,50 18 4 78 34 16 92 34 21 91,16.3998,158.1336,1,15.5243 6.9916 17.4396 12.1037 15.9039 11.4640 6.0240 5.2719 5.4078 3.1356
1 1 0 0 0 0 0 1 0 1,589,1 1 0 1 1 1 0 1 1 1,85 79 25 82 40 43 34 66 48 87,79.1993,33.3243,0,15.8029 5.4804 9.3660 3.0078 3.0876 3.3913 2.0165 3.0149 2.3583 2.7928
1 0 1 0 0 1 0 0 0 0,572,1 0 1 0 1 0 1 1 1 0,100 48 38 40 71 64 83 78 41 9,49.7312,38.3803,0,11.2433 10.2067 9.3738 6.8906 3.9256 5.3692 3.0372 3.3533 2.3475 4.4743
1 0 1 1 0 1 0 0 0 1,522,1 0 1 1 0 1 0 0 0 1,64 72 40 52 49 50 66 50 54 25,124.0307,156.5543,0,6.5262 3.7434 1.0884 1.6477 0.8720 0.9600 0.7836 1.7994 0.6809 0.7840
1 1 1 1 1 0 1 0 0 0,404,1 0 0 1 0 1 0 1 0 1,59 31 5 58 18 72 33 74 29 25,7.9701,27.8871,2,9.7564 8.0719 3.0714 2.9118 3.1199 3.1436 1.4317 2.3279 1.5995 7.3038
0 0 1 1 0 1 0 1 0 0,590,1 0 0 1 1 0 1 0 0 1,63 30 78 32 97 44 80 37 47 82,87.7021,86.9694,0,18.5262 13.7833 3.4643 1.0003 1.7605 1.7196 0.7203 5.2964 0.8957 1.2398
1 1 1 0 0 1 0 0 0 0,397,1 1 1 0 0 1 0 0 0 0,51 66 29 87 4 34 5 42 37 42,61.1637,58.0015,1,9.6576 8.3752 1.2328 1.8595 1.3229 1.0201 1.0404 1.1016 1.1212 1.8489
0 0 1 1 1 0 1 0 1 1,453,0 1 1 1 1 0 1 1 1 1,15 3 96 82 53 2 88 56 3 55,17.4737,17.4693,0,3.1921 0.8568 1.9249 0.9589 0.4569 1.2959 0.3129 0.3140 0.4110 0.3830
0 0 0 0 0 0 1 1 1 0,435,0 0 1 1 0 1 0 1 1 1,7 19 51 90 2 49 1 53 90 73,19.7639,264.6316,2,10.9115 14.0718 4.3760 3.5199 1.4399 1.0159 2.4479 1.3999 1.9358 2.7358
1 1 0 0 0 1 1 0 0 0,423,0 1 0 0 1 1 1 0 1 0,45 60 75 30 4 58 63 28 29 31,19.1120,38.7042,0,3.9354 3.5438 1.3842 3.5440 1.3842 0.8241 1.7523 0.9043 0.9121 0.8000
1 0 1 0 0 0 1 0 1 0,475,1 0 1 1 0 0 0 0 0 0,53 46 22 8 77 75 73 23 54 44,121.7149,39.9238,0,7.2468 3.8817 3.3362 3.0269 0.9797 1.2960 1.0533 1.0604 0.6334 0.9282
0 1 0 1 0 0 1 0 1 0,609,0 0 1 0 1 1 1 1 1 1,16 34 81 68 75 83 73 30 99 50,54.6024,83.3031,1,11.1969 16.2238 7.1679 11.4637 2.7913 5.0479 2.8240 4.4079 5.7518 7.4479
0 1 0 0 0 0 1 1 0 1,357,0 1 0 0 0 0 1 1 0 1,7 54 58 9 31 1 71 50 19 57,1139.9433,38.7105,0,3.7381 1.4607 0.8029 1.6616 0.6373 0.8604 0.8206 0.7830 0.7155 0.7640
0 1 0 1 0 0 1 1 1 1,668,0 1 1 1 0 1 1 0 1 0,94 77 52 100 51 85 37 16 97 59,4.6540,64.7620,2,9.1240 1.0480 1.7050 1.5100 0.7310 1.6300 1.5430 1.2020 0.8220 2.1590
1 1 1 0 1 0 0 0 1 0,632,0 0 1 0 1 0 0 1 1 1,82 30 88 52 59 32 33 75 82 99,379.5183,57.5306,2,6.6559 2.9757 1.3039 5.0958 1.0802 3.8790 1.5898 1.3437 1.3686 1.4957
1 0 1 0 0 0 0 1 1 0,507,1 1 1 0 1 0 1 1 1 1,56 64 76 48 23 21 94 29 95 1,3.7745,38.3309,2,3.2663 1.0400 1.0557 4.6721 1.8319 0.6881 0.4159 0.6003 0.5120 0.6156
1 0 0 0 0 1 0 0 0 1,624,0 1 1 0 1 1 1 0 1 1,49 91 80 61 14 84 71 24 50 100,265.4129,22.0340,0,8.1202 4.4621 2.2726 2.3248 1.1578 1.3541 2.2970 1.2507 1.0248 1.6656
1 0 0 1 1 0 1 0 1 1,557,1 0 0 0 1 0 1 0 1 1,1 99 25 96 73 90 68 10 82 13,89.7060,25.9220,0,5.2400 7.3500 3.3530 8.5950 9.7270 2.1820 2.5900 1.4190 19.3200 2.1110
1 0 0 0 1 0 1 0 1 1,506,1 0 1 0 0 0 0 0 1 1,28 82 23 32 82 56 35 20 100 48,2.5906,51.9502,2,6.5312 3.6234 1.3438 0.6477 0.9200 0.7677 0.9838 2.0156 0.6718 0.6477
1 0 0 0 0 0 1 0 0 0,471,1 1 1 1 1 0 1 1 1 1,33 65 68 11 19 14 35 83 50 93,72.6260,28.4260,0,8.8040 8.3700 5.3680 5.9200 5.2320 4.3990 3.8870 3.7360 3.9670 4.9600
1 1 1 0 1 0 0 0 1 0,558,1 0 1 1 1 0 1 1 1 0,19 17 39 46 92 53 92 95 95 10,81.0620,41.5600,1,10.7900 10.6860 7.5200 7.1460 6.9440 4.0560 1.3680 2.7280 4.9420 5.6240
0 0 1 0 0 0 1 1 1 0,415,0 0 0 0 1 1 1 1 1 0,47 42 46 24 54 59 11 74 54 4,40.0907,65.5818,0,10.7936 3.4289 4.1539 3.5466 1.6060 3.6009 0.8564 2.3907 1.5407 0.8658
0 0 0 1 1 0 0 1 1 0,589,1 1 1 1 1 1 1 1 1 1,77 98 23 30 82 73 49 30 85 42,50.0909,87.0692,2,7.7746 4.6155 2.8726 0.9838 0.8319 1.9038 1.2796 0.9598 0.8717 1.5599
1 1 0 1 1 1 1 0 0 0,643,0 1 1 1 1 0 1 0 0 0,56 98 65 97 48 37 61 93 50 38,95.5794,32.1883,0,16.9033 3.9819 11.5860 4.2738 4.1298 3.1498 2.9678 1.5719 1.9718 6.0399
1 0 0 0 1 0 0 0 0 0,584,0 0 0 1 1 1 1 1 1 1,0 37 23 90 49 89 30 83 96 87,97.9504,86.4668,0,14.8623 3.0796 3.3117 12.6316 7.9917 3.7118 3.9198 6.6315 4.2557 2.5759
1 0 0 1 1 0 0 1 1 1,611,1 0 0 1 1 1 1 1 1 1,67 38 22 66 59 40 90 100 52 77,57.4230,26.0640,0,6.3840 3.9050 3.6810 1.3630 1.0740 0.8060 1.2850 0.8500 2.7840 0.6970
1 0 1 0 1 1 0 0 1 1,591,1 0 0 0 0 1 0 0 1 1,1 78 21 70 48 72 100 49 77 75,36.3420,28.9001,0,7.2889 6.0358 2.9739 6.2998 2.4059 4.2459 3.0698 3.4419 2.2659 1.6359
0 0 0 0 1 1 1 1 1 1,418,0 1 1 1 1 0 1 1 1 0,22 58 86 61 0 7 69 73 19 23,57.4640,32.3590,1,9.0540 5.2870 3.9450 2.7350 7.8880 1.3200 2.6810 1.9280 1.8640 1.6810
0 1 1 1 1 1 1 0 0 0,551,1 1 0 0 1 0 1 1 0 1,76 20 43 30 93 49 50 73 40 77,35.5072,99.7969,1,5.3191 4.3357 2.7358 1.3837 0.7998 1.1518 2.5599 0.9199 1.1602 0.6316
1 1 0 0 0 0 1 0 0 1,455,0 1 1 0 0 0 1 0 1 0,27 50 18 67 67 1 50 24 92 59,25.6771,33.3283,0,6.7576 0.9912 4.5038 1.0087 2.9837 0.9359 0.7758 0.8797 0.6717 0.9758
1 1 1 1 1 0 1 1 0 1,736,0 1 0 0 1 1 1 0 1 0,86 67 82 8 28 100 96 87 98 84,51.5425,24.2322,0,7.1100 8.5273 5.1436 4.5198 1.8398 1.4077 0.7681 4.6957 0.4160 0.6876
1 1 0 1 1 0 0 0 0 0,460,1 1 1 1 1 1 0 1 1 1,25 51 40 97 69 20 33 84 21 20,421.5875,19.6726,0,4.0585 5.3117 10.5836 2.3601 1.2078 2.3437 0.7679 1.8400 3.8557 3.2322
0 0 0 0 0 1 1 0 1 0,620,0 0 0 1 0 1 0 0 1 1,38 57 92 77 96 69 43 92 49 7,37.7061,129.2108,0,9.2732 3.7106 5.8727 2.5784 1.4778 1.8400 3.1985 5.0288 7.2438 3.8649
0 1 0 1 1 1 0 0 0 0,392,0 1 1 0 1 1 1 1 1 1,23 81 7 15 73 64 12 52 19 46,69.2295,26.9345,0,4.1297 3.0613 2.2199 1.4259 1.5278 1.8038 1.5661 1.2993 0.8819 1.0482
1 1 0 1 1 1 1 1 1 0,595,1 1 0 1 1 1 1 1 1 0,40 51 73 94 70 80 100 23 25 39,16.9744,451.4125,1,8.5371 2.2556 4.2477 2.1197 1.9360 2.4158 3.5998 2.0078 2.6400 1.4959
0 0 0 0 0 1 0 1 1 0,446,0 0 0 0 1 1 1 1 1 0,84 77 5 1 53 47 99 54 11 15,123.4519,129.3889,0,16.7164 7.2473 12.1442 4.8961 9.5529 1.9355 12.8075 24.7427 3.9676 3.7674
0 1 0 1 0 0 0 0 0 1,266,0 0 0 1 0 0 0 0 0 1,47 7 3 18 30 31 2 48 10 70,11.9324,132.4753,2,10.9959 11.7595 3.3593 1.8152 2.5284 1.9114 2.4879 1.4887 1.6079 0.9429
0 1 1 1 0 0 1 1 0 0,478,0 0 1 0 0 1 1 0 1 0,2 83 9 32 62 92 29 86 80 3,866.7089,88.6143,0,4.4981 1.1037 0.6479 1.0159 1.9198 0.7358 1.9999 0.8719 2.3837 0.7439
0 0 1 1 1 0 0 1 0 0,424,0 1 1 0 0 0 0 1 0 0,62 79 39 53 16 79 0 39 35 22,3.5970,30.8640,2,6.0050 2.5360 2.4480 1.1310 2.5810 2.4410 0.8390 1.5200 0.6950 1.8650
1 1 1 1 0 0 1 1 0 1,339,1 1 1 0 0 0 1 0 0 1,54 5 43 27 40 27 16 46 6 75,102.9562,34.4094,0,4.5202 11.3923 3.4767 1.3241 3.1164 5.4215 3.7065 2.1566 2.5587 1.6279
1 0 0 1 1 0 0 1 1 0,404,0 0 1 0 1 0 1 1 1 1,71 90 87 32 21 19 19 4 50 11,22.0790,200.0544,1,13.5164 2.6314 7.4315 4.7681 4.7195 1.3438 1.5438 4.0876 2.8637 1.1589
1 1 1 0 1 1 0 1 1 0,459,0 1 1 0 1 0 0 0 1 0,3 74 50 32 17 85 78 26 58 36,87.5202,195.5840,0,9.9985 0.6249 0.8929 7.5720 1.5220 4.8748 0.8724 2.3206 4.1177 1.4454
1 0 0 1 0 1 0 1 0 0,437,1 0 0 1 1 1 1 1 0 0,97 24 26 61 53 49 34 23 42 28,53.5392,32.7276,1,4.1531 7.5216 1.7918 1.1661 3.4677 2.3161 1.5074 0.9080 1.0284 0.9330
1 1 0 1 0 0 0 0 0 0,354,1 1 0 1 0 0 0 0 0 0,3 58 79 42 5 5 2 70 17 73,12.4371,41.0244,0,7.6788 8.0792 2.7117 7.4239 0.8320 2.6084 2.1919 1.6722 2.6081 1.4479
1 0 1 0 1 1 1 1 0 1,534,1 1 1 1 0 0 0 0 0 0,55 22 85 87 20 52 55 88 49 21,122.5346,21.3652,0,9.4457 5.9819 5.1298 3.1837 2.4019 2.1353 2.5806 1.5658 2.0107 1.6252
1 1 1 1 1 0 0 1 1 0,495,1 1 1 1 1 0 0 1 1 0,6 59 59 41 57 46 37 72 79 39,54.1340,26.8990,0,10.1120 4.9510 3.8960 1.8350 1.5520 3.4490 1.4150 1.6270 1.9010 1.9740
0 1 0 1 0 0 1 0 1 0,469,0 1 0 1 1 0 1 1 1 1,30 80 33 78 18 17 35 62 70 46,143.5261,89.3058,1,16.1531 4.4492 3.7781 4.5086 3.3690 6.0760 4.0119 2.2301 4.8012 1.8311
1 0 0 1 1 1 1 0 0 0,460,1 0 0 1 1 1 1 0 0 0,7 44 16 96 61 21 81 74 34 26,25.6060,38.2000,1,7.1740 4.8390 4.5440 2.2330 1.3270 0.8980 0.8320 1.1400 1.2960 1.5920
0 1 1 0 0 0 1 1 1 0,405,1 0 1 1 1 0 1 0 1 1,75 10 97 37 50 29 12 16 17 62,84.1651,29.8893,0,12.3074 6.7196 5.2556 1.7117 4.4799 3.9998 1.2082 1.6639 4.1436 1.2638
1 0 1 0 0 1 1 1 0 1,646,0 0 0 1 1 1 1 0 1 1,81 86 25 66 74 87 60 53 62 52,35.0909,105.5262,0,8.0260 11.3128 5.3109 2.0667 3.7081 12.2932 4.0706 6.1604 3.0577 8.2018
1 0 1 1 0 1 0 0 0 1,480,0 1 1 1 0 0 1 1 0 0,48 85 95 40 1 44 61 5 89 12,7.7551,49.8555,1,5.9669 9.4988 1.0818 1.2293 1.8847 1.2759 1.0167 5.0264 1.2238 2.9483
0 1 1 0 1 0 0 0 1 0,426,0 1 1 0 1 0 0 0 1 1,62 47 38 50 47 4 45 19 27 87,66.8752,20.0725,0,7.7783 1.3997 2.9520 0.8160 3.7282 1.0879 0.7520 1.5837 0.7117 1.0882
0 1 0 1 0 0 1 0 1 1,703,0 0 0 0 0 0 1 1 1 1,50 91 99 93 67 28 62 94 50 69,139.9060,67.4520,0,12.8630 3.0940 4.3440 2.2230 2.8760 1.9380 1.2030 4.8610 2.2510 2.2670
0 1 1 0 0 1 1 1 1 0,313,0 1 1 0 0 1 1 1 1 0,41 89 46 40 9 17 11 29 7 24,77.8491,49.1317,1,6.6271 1.8911 1.0729 1.0561 7.6393 0.8163 1.5239 1.5007 1.2688 1.3962
1 1 1 1 1 1 1 1 0 1,712,1 1 0 1 1 0 1 0 0 1,84 56 45 97 74 97 60 61 96 42,81.9957,39.1689,0,18.7198 8.9821 2.0074 6.4071 3.9998 2.7133 1.5361 4.1362 2.7039 0.9998
1 0 0 0 0 0 1 0 0 0,514,1 0 0 0 0 0 1 0 0 0,62 28 49 67 75 50 70 44 65 4,78.5640,71.8560,1,14.5810 3.5140 2.9540 2.4750 1.2920 4.8250 1.8220 1.8070 1.3330 1.3100
1 0 1 1 0 1 1 0 0 1,373,0 0 1 1 0 1 0 0 0 0,6 31 55 33 72 4 68 55 42 7,3.3270,15.0260,0,2.9010 1.7590 1.4630 0.7840 1.7590 2.2470 0.8750 1.8390 0.9520 2.9820
1 1 0 0 1 0 0 0 1 1,519,1 1 0 1 1 0 0 1 1 1,42 77 90 42 69 43 46 94 3 13,57.5500,39.2018,1,6.3166 2.1271 3.3280 1.9813 5.6279 3.3898 1.5459 2.2562 1.6956 1.6360
1 0 1 1 0 0 0 0 1 0,523,1 0 1 1 0 1 1 0 1 0,83 38 53 74 9 90 1 92 40 43,57.0747,26.7524,0,10.9262 4.1196 2.0158 2.0875 1.5355 4.6639 3.0876 1.1836 1.4384 0.9997
0 1 0 1 0 1 0 1 1 0,490,1 0 1 1 0 1 0 1 1 0,66 65 41 38 31 18 48 72 71 40,66.2464,58.5204,1,15.7192 11.0941 5.6354 7.4640 4.8852 4.1982 1.1776 3.8550 6.0273 4.0593
0 1 1 0 1 1 1 1 1 1,492,0 1 1 1 1 1 1 1 1 1,10 77 86 33 52 48 61 75 31 19,83.7710,55.0156,1,6.5714 3.0631 3.6558 1.6087 1.2108 0.9824 1.1582 0.9513 0.8599 0.9132
1 1 1 0 1 0 1 1 1 0,568,1 1 1 0 1 0 1 1 1 0,40 72 68 24 70 72 49 88 74 11,75.7668,26.4068,0,3.1305 5.8604 7.7092 3.8539 3.5240 1.9160 5.8841 4.6900 2.0120 1.6499
1 0 0 0 0 0 1 0 0 0,478,1 0 0 0 0 0 1 0 0 0,64 97 28 48 9 100 57 65 6 4,80.1622,33.7615,0,9.3723 7.1912 6.1390 3.3981 2.3231 9.8116 1.3593 1.5390 1.2328 1.1671
1 0 0 0 1 1 1 0 1 0,430,1 0 0 0 1 1 0 0 1 0,6 16 87 67 64 35 54 75 19 7,24.4946,27.6514,0,5.5828 8.2927 5.0087 5.9023 13.9740 6.7942 16.4535 7.3730 5.8415 6.7274
0 1 0 1 1 1 1 0 0 0,542,0 1 1 0 1 1 1 0 1 0,67 50 91 15 64 64 92 42 37 20,43.4855,23.3090,0,7.6274 4.3522 4.1798 4.7327 1.9660 2.2470 6.2280 3.8872 2.3447 1.2069
1 1 0 0 0 1 0 1 0 0,549,1 0 1 0 1 1 1 1 1 0,98 38 59 2 93 74 42 98 10 35,41.2286,134.6280,2,4.9807 1.4422 0.7860 0.6717 0.5305 1.8985 7.1477 0.9446 1.8418 0.4340
0 0 1 0 0 0 0 1 0 0,462,0 0 1 0 0 0 0 1 0 0,31 25 28 72 90 6 15 85 87 23,31.0001,11.0078,0,4.1026 4.6198 4.8313 4.0177 3.8364 1.8012 1.6406 2.7570 2.4953 1.1585
0 1 1 0 0 1 0 1 0 1,371,0 0 1 0 1 0 1 1 0 1,40 24 86 6 50 30 20 81 5 29,4.0290,35.9890,1,2.9260 2.2560 0.8880 0.7760 1.2080 2.0320 1.3690 0.7280 1.8230 0.8320
0 0 1 1 0 1 1 0 1 0,539,0 1 1 0 1 1 0 1 1 0,52 58 84 36 70 100 13 30 27 69,15.2222,24.6699,0,8.6448 5.3220 2.7635 1.6202 1.7400 1.3437 2.3079 1.4316 0.8853 0.7677
0 0 1 0 1 0 0 1 1 1,379,0 0 1 0 1 0 0 1 1 1,64 50 20 9 50 1 39 73 21 52,72.9691,24.3534,0,5.7418 3.8715 4.7122 9.4160 2.8560 5.0239 1.1669 2.4960 1.5052 1.2152
1 1 0 1 1 1 1 1 0 0,301,0 1 1 1 0 1 0 1 0 0,4 42 12 25 14 7 68 87 2 40,26.5539,33.1423,1,6.5196 1.4038 1.1435 0.8530 0.7874 0.7585 0.8528 1.9317 0.5764 0.6440
0 0 0 0 0 1 0 1 0 1,269,0 0 1 0 1 0 0 1 0 1,31 11 21 1 27 11 46 15 49 57,81.2420,71.9678,1,7.7516 2.5278 5.6641 0.7759 0.6640 1.0960 4.6158 1.1439 0.6641 1.1598
1 1 0 1 0 1 1 0 1 1,430,1 1 0 1 0 1 1 1 1 1,98 11 62 5 10 72 90 27 40 15,47.1845,89.3404,1,6.6492 4.5315 1.7775 0.6472 2.1754 2.5400 2.4699 2.1187 0.8057 2.1496
0 1 0 1 1 1 0 0 1 1,409,0 1 0 0 0 1 1 0 1 0,51 8 64 80 15 44 46 37 0 64,61.3746,25.2351,0,6.0739 2.0341 1.5490 1.8521 1.5385 1.4386 2.4814 1.3660 1.7820 1.2962
1 1 0 0 1 0 0 0 0 0,379,1 0 1 0 1 1 1 0 1 1,46 39 0 3 0 97 66 19 86 23,154.8730,73.0610,0,27.3620 12.5040 6.8430 3.0620 3.1710 8.0250 3.3240 4.8820 2.3050 1.8990
0 1 1 0 0 1 0 0 1 0,462,0 1 1 0 0 1 0 0 1 0,83 65 18 38 59 90 20 34 22 33,33.6255,74.0741,1,11.7227 5.5821 2.5759 9.5000 19.3603 2.6260 1.7673 2.1035 1.2186 1.3187
1 1 1 1 1 0 0 1 1 0,541,1 1 1 1 1 0 0 1 1 0,43 62 55 66 83 45 42 79 53 13,33.4937,49.1525,0,24.3267 11.9597 12.4319 12.4478 3.4077 2.9438 2.1039 2.1999 3.0558 2.0399
0 0 1 1 1 0 0 0 0 1,481,0 1 1 0 1 1 1 0 1 0,50 50 6 1 20 43 62 78 82 89,66.9180,77.3990,2,5.5200 4.0410 6.9430 1.1510 3.2900 1.2240 2.7930 2.0010 1.3920 1.6730
1 1 1 1 0 1 1 0 1 1,638,1 1 1 1 1 1 1 1 1 1,70 77 17 95 95 64 25 61 92 42,37.6734,49.6337,1,3.5738 4.8040 4.7779 7.0219 7.6878 8.1460 4.5660 12.0481 4.8899 5.0582
1 0 1 0 1 1 0 0 0 1,576,1 1 0 1 1 1 0 0 1 1,19 63 50 81 91 23 71 15 100 63,69.5223,32.3031,0,3.3182 1.5429 1.1270 0.9434 2.3759 1.1260 2.0402 0.8111 2.7711 1.6959
1 0 1 0 1 0 0 1 1 1,427,1 0 1 1 1 0 0 1 1 0,25 2 54 93 75 37 34 30 22 55,22.4891,54.2082,1,4.6845 3.3742 2.9009 0.9584 0.7084 1.0540 0.9093 1.5831 0.6587 0.5273
1 1 0 1 0 1 0 1 1 0,549,1 1 0 1 0 1 0 1 1 0,55 35 37 23 83 68 31 78 95 44,32.9147,32.5581,1,7.9648 2.2796 2.2934 1.1720 1.9380 1.2691 1.0850 2.0219 1.3687 1.3569
0 1 1 1 0 1 0 1 0 0,389,0 1 1 1 0 1 0 0 0 0,66 7 77 77 73 25 11 4 33 16,43.3168,27.9760,0,9.9031 6.1369 8.2246 2.8874 4.3920 6.8558 1.2158 3.4802 1.2872 1.3920
1 0 0 1 1 0 0 0 0 0,479,1 0 0 1 1 0 0 1 1 1,32 66 88 63 89 6 15 46 31 43,95.8620,46.2830,1,6.4220 15.7640 10.8310 2.3810 2.8530 0.9320 2.2000 1.7200 1.3200 1.5430
0 1 0 1 0 1 0 0 0 0,548,1 0 0 0 1 1 0 1 0 1,51 100 25 18 79 74 45 41 25 90,58.2263,26.9407,1,8.3422 7.6184 1.7997 1.6119 1.6940 1.6345 1.4159 1.3842 1.4839 1.2862
0 0 0 0 0 0 0 1 1 1,339,0 0 1 0 0 0 1 1 1 1,29 10 3 17 86 22 7 78 30 57,120.9183,78.8540,1,28.3802 2.7028 1.2474 0.8798 3.1992 1.6957 1.6712 1.2108 0.8479 0.8940
1 0 0 0 0 0 0 1 0 1,567,1 0 0 0 0 0 0 1 0 1,69 71 92 46 32 77 42 58 14 66,36.5222,249.3988,2,40.0662 3.6668 1.4859 0.8405 1.2227 0.7768 0.8035 3.3082 5.8647 2.1434
0 1 1 1 1 0 1 1 1 1,509,0 1 0 1 1 1 0 1 1 0,19 78 13 61 75 27 85 65 19 67,69.9264,30.7281,0,5.1494 11.9911 1.8720 8.0159 3.9596 2.5118 1.7999 1.2719 2.7359 2.6720
1 0 1 1 1 0 0 0 0 1,372,1 1 0 1 0 1 1 1 1 0,0 78 3 19 30 56 55 6 50 75,23.2880,27.2540,0,7.3270 5.4180 3.1750 6.8960 2.6070 3.9730 4.0450 1.9750 2.5710 1.7390
0 0 0 1 0 1 0 0 1 0,450,0 0 0 1 1 1 1 1 0 1,4 51 54 14 58 94 88 58 6 23,96.3655,63.1276,1,6.1661 2.7037 1.2639 3.0318 12.9043 8.3679 2.7839 4.1760 13.7842 1.9599
1 1 1 0 1 0 1 0 0 1,399,1 0 1 0 1 1 0 0 1 1,67 36 77 25 52 44 10 16 2 70,61.0260,34.8970,0,19.8570 7.0110 5.7040 3.2450 2.7200 2.5150 5.3210 2.0600 3.6070 3.7620
1 0 1 0 0 1 0 1 1 1,355,1 0 0 0 1 1 1 0 1 1,30 48 33 7 90 65 2 24 15 41,40.9717,45.0957,1,11.2316 9.0476 4.5520 7.6798 8.6718 3.6880 2.5919 3.1436 3.9280 1.8796
0 0 1 1 0 1 1 0 0 0,501,0 0 1 1 0 1 1 1 1 0,16 32 99 63 41 46 35 87 55 27,117.5170,36.0880,0,5.3110 2.9860 8.5250 4.8430 2.9600 16.3300 2.5410 9.4070 9.4520 1.9750
1 0 1 1 1 0 1 0 1 1,531,1 0 1 1 1 0 1 1 1 1,61 43 71 26 96 6 58 84 15 71,87.8198,25.1682,0,6.4286 8.4800 1.7758 2.1280 1.1038 1.5037 0.8638 1.0559 1.3680 1.0234
0 0 0 1 1 1 1 0 1 1,484,0 1 0 1 0 1 1 0 1 1,18 16 66 22 10 39 79 88 53 93,3.6743,45.4567,2,9.2090 5.2485 4.0796 2.9436 2.1122 0.9754 1.9282 1.7357 1.8491 1.4241
0 1 0 1 1 0 1 0 1 0,395,0 1 0 1 0 0 1 1 1 0,45 78 30 10 4 48 19 27 57 77,59.8660,27.4330,0,4.8000 3.8120 11.7170 19.8550 1.3200 0.9680 1.1310 2.1940 3.4380 1.6570
1 0 1 0 0 1 0 0 0 0,466,1 0 1 1 1 1 1 1 1 1,98 21 68 76 14 41 80 3 53 12,66.7270,75.1670,1,16.8070 3.1320 7.1380 21.4310 3.8820 2.7780 2.1640 3.0510 3.8000 3.1720
1 0 1 1 1 0 0 1 0 1,519,0 0 1 1 1 0 1 1 1 1,19 21 99 76 26 95 5 71 52 55,108.8777,72.3450,2,6.1819 3.7338 3.1739 0.7039 0.5923 0.6262 1.3782 0.8321 4.5523 2.0099
1 1 0 0 1 1 0 1 0 1,404,1 1 0 0 0 1 0 1 1 1,54 85 70 50 23 51 5 41 11 14,50.2164,26.5118,1,5.8549 11.8954 5.0229 1.2654 1.8438 1.2858 1.5502 0.6264 1.5731 1.2455
1 1 0 0 0 0 0 0 0 1,355,1 1 1 1 0 0 0 0 0 1,55 20 65 20 94 52 24 10 5 10,52.3662,17.3284,0,20.0566 6.2058 2.5439 2.7337 0.7838 1.2717 3.3158 1.3579 4.6179 1.2719
0 1 0 0 1 0 0 1 0 1,480,1 0 0 1 1 1 0 1 1 1,37 36 40 78 98 58 49 12 19 53,66.4450,88.0160,2,10.0770 9.7800 1.5390 4.3600 1.7790 4.3280 2.3670 2.8500 1.3750 1.1320
0 1 0 1 1 1 0 1 0 0,484,1 0 1 0 1 0 1 0 0 0,36 22 98 33 3 8 61 95 84 44,77.6293,25.1886,0,5.7188 3.4618 3.2420 2.5999 1.0160 0.8201 0.7720 9.7884 2.7419 1.3600
0 1 0 0 1 1 0 0 0 0,493,1 1 1 1 1 0 1 1 1 0,71 58 24 97 23 16 49 58 80 17,40.4930,37.4040,0,10.4580 3.1390 7.9290 0.9500 0.9930 4.2140 2.0340 1.6990 0.8080 4.2530
1 1 0 1 0 1 1 1 1 1,356,1 1 0 1 0 1 0 0 1 1,39 50 83 17 5 8 75 0 2 77,98.0450,75.1120,1,31.7590 6.6000 1.2720 12.7920 4.1760 2.6320 8.8240 6.6240 2.1680 6.1600
1 0 0 0 0 1 1 1 1 1,483,1 0 1 1 0 1 1 1 0 1,17 1 64 52 35 65 83 54 12 100,112.5030,45.9360,0,14.2340 7.4320 2.6630 2.5830 1.8000 2.1940 4.5110 1.8320 1.9590 1.7910
0 0 0 0 1 0 0 0 0 1,349,0 0 0 0 1 1 1 0 1 1,4 40 58 25 94 43 32 27 22 4,23.6098,23.1523,0,3.0787 2.3919 3.2003 3.0603 1.3719 2.9800 1.6916 1.0917 1.5398 1.4679
0 0 1 1 0 1 0 0 1 0,416,0 0 1 1 0 1 0 1 0 0,33 6 83 46 32 81 0 47 32 56,18.3822,74.6381,0,10.0673 7.8974 6.1460 3.6379 5.0657 2.3619 3.4639 7.7839 2.9519 1.5679
1 0 1 1 1 0 0 0 0 1,517,1 1 1 1 0 0 0 0 0 0,95 1 54 47 28 53 57 86 48 48,60.3145,29.5529,0,6.7581 5.3039 4.8956 4.8397 6.8004 1.6000 5.1597 1.6478 1.3758 1.5597
1 1 0 0 1 1 1 0 1 0,509,1 1 0 1 1 1 0 0 1 1,100 51 13 54 99 81 31 13 67 0,28.5899,56.0510,1,6.6386 10.0601 10.9863 9.9257 5.9004 4.1440 6.8133 3.7296 1.9537 3.8665
0 0 0 1 0 0 1 1 0 1,468,0 1 1 1 0 0 1 1 1 0,46 69 79 62 10 23 72 48 57 2,83.9397,63.9493,1,7.4584 1.7341 11.4697 1.3966 1.0776 1.1090 1.2314 1.1862 3.9206 1.3538
1 1 1 0 0 1 0 0 1 1,432,1 1 1 0 0 1 0 0 1 0,82 52 18 29 50 81 11 8 83 18,8.9676,55.3455,2,6.8852 2.9215 1.0928 0.9600 0.7090 1.1528 0.7039 4.5777 0.7956 0.7685
0 0 1 1 0 0 1 0 1 1,427,1 1 1 0 0 0 1 1 1 0,54 52 1 44 26 37 87 56 58 12,45.4170,20.4410,0,5.4530 2.4640 1.3530 4.0480 1.5840 2.9690 2.1590 0.5680 2.3360 4.1270
0 1 1 0 1 1 1 0 0 0,338,1 1 0 1 1 0 0 1 0 1,34 35 21 31 63 65 42 20 4 23,62.0052,44.1679,1,8.3943 1.1696 1.0588 1.0626 3.1888 1.4115 1.1126 1.4537 2.4294 1.5960
0 1 0 0 1 1 0 1 0 1,484,0 1 0 1 1 1 0 0 0 1,86 68 47 87 20 0 46 66 25 39,59.2314,32.9169,1,6.8531 4.1149 3.6679 3.3641 2.4922 1.5447 2.2386 0.9679 0.8112 1.1389
1 1 0 1 0 0 1 1 0 0,519,1 0 1 0 1 1 1 1 0 0,100 72 34 23 71 30 54 22 44 69,42.3417,53.8613,1,8.2564 4.0090 1.6261 7.3490 0.7096 0.7294 2.8585 1.4271 0.7866 0.8192
0 0 0 1 1 0 1 0 0 0,525,0 1 1 0 1 1 1 1 0 1,28 39 82 11 34 54 93 52 40 92,53.6870,34.0760,1,2.9280 4.9420 0.8800 1.7000 0.6680 2.4370 2.2830 2.2210 0.7680 0.8320
0 1 1 1 1 1 0 0 1 1,552,0 1 1 1 1 1 0 1 1 1,21 67 65 65 17 100 29 10 82 96,67.6798,29.7420,1,4.7016 3.3044 2.2399 1.7282 0.9207 3.7032 3.4644 0.8722 1.3206 0.8328
0 0 1 0 1 0 1 0 0 1,551,0 0 1 1 1 0 1 1 1 1,76 27 72 53 40 29 79 32 58 85,38.2903,30.5473,1,7.5092 5.0442 3.8427 2.8894 1.9793 4.0880 0.4215 0.7665 0.4365 0.6361
0 0 0 1 1 1 0 1 0 0,402,1 0 0 0 1 1 1 0 1 1,16 46 20 5 58 75 45 24 46 67,601.2055,52.6495,2,7.7207 2.0875 2.0715 1.6242 0.7260 1.2474 1.2992 0.7740 0.8503 1.0658
1 1 1 1 0 1 1 0 0 1,518,1 0 1 1 1 1 1 1 1 1,43 27 78 32 72 56 74 58 56 22,10.8960,19.6220,1,5.8090 3.1650 0.7090 0.4560 0.8180 0.8560 0.6540 0.4700 1.9980 0.6840
0 0 0 0 0 1 0 1 1 1,435,0 0 1 0 0 0 1 0 0 1,94 17 37 37 19 44 15 32 92 48,81.3786,31.3602,0,6.3831 2.2317 5.9517 2.5839 4.1918 1.8801 1.4798 4.7120 2.8077 2.7519
1 1 1 0 1 0 0 1 1 0,597,1 1 0 0 1 0 1 0 1 1,71 86 88 42 39 6 75 90 50 50,82.3720,47.3097,0,6.1905 3.1693 1.6663 4.3460 2.0001 1.0890 1.6919 1.3730 3.5427 1.9384
1 1 0 0 1 1 1 1 1 1,409,1 1 0 0 1 0 1 0 1 0,50 2 95 1 45 59 29 4 98 26,83.3530,24.7570,0,5.6340 3.4000 4.9720 3.7860 1.7030 3.3840 1.5250 1.8240 1.9620 1.6510
0 1 1 0 0 1 0 0 1 1,349,0 0 1 0 1 1 1 0 1 1,19 10 14 2 42 72 35 18 63 74,56.8982,32.7797,0,4.5761 1.3260 0.8394 3.3769 1.9602 1.6445 2.2937 2.0170 2.6790 2.3673
0 0 1 1 1 1 0 1 0 1,341,0 0 1 1 0 1 0 0 0 0,49 27 73 14 40 8 47 20 23 40,43.9630,23.2290,0,5.0080 3.6630 2.4250 2.9440 3.4550 2.1080 4.0550 2.1360 1.2720 1.7030
0 0 1 1 0 1 0 1 0 0,479,0 0 1 0 1 1 1 0 1 0,40 22 39 82 52 57 92 51 24 20,72.9439,25.8346,0,15.9602 4.6434 2.9239 3.9114 14.3443 3.2859 2.4526 1.9056 3.4708 2.3293
1 1 0 0 1 0 1 1 1 1,540,1 0 0 0 1 1 1 1 1 1,17 44 53 27 56 62 94 64 68 55,63.0706,22.3929,0,9.0782 15.2479 12.5604 4.9284 4.3041 8.8640 7.5279 2.3998 1.9597 4.1439
1 1 1 1 1 0 0 1 1 1,414,1 1 1 1 1 0 0 1 0 1,37 92 38 6 50 23 5 26 56 81,64.4113,64.9433,2,16.5973 5.2019 0.9967 2.1558 6.3340 3.3360 1.8777 2.7765 2.2122 2.5435
0 1 0 0 1 0 1 1 0 0,564,1 1 0 0 1 0 1 1 0 0,59 91 72 78 77 30 39 41 16 61,6.6213,61.6081,1,5.9496 1.2628 1.1691 0.5936 1.4312 0.7781 0.5104 0.5726 0.6989 1.0327
0 1 0 1 0 1 1 1 0 1,513,1 1 1 1 0 1 1 1 0 1,69 89 1 5 25 95 85 80 39 25,4.3433,37.9838,1,6.2075 3.9035 2.1828 1.2708 2.0934 2.4864 1.4398 1.0793 1.5977 0.7437
0 1 1 1 0 1 1 1 0 1,613,0 1 1 1 0 1 1 1 1 1,67 84 83 8 24 70 63 79 54 81,55.2104,20.4266,0,6.4907 4.2775 4.7020 4.6239 8.2901 4.6320 2.1000 2.2719 2.2739 1.6917
0 1 0 0 1 1 1 1 1 0,626,0 1 1 1 1 1 1 0 0 1,41 54 96 66 73 99 32 87 0 78,54.3978,336.6746,1,12.9419 21.0516 8.2855 6.2557 9.9118 5.0037 2.6258 3.5865 5.5979 1.5000
0 1 0 0 0 0 1 1 1 1,459,0 1 0 1 0 0 1 1 1 1,48 74 16 0 40 42 55 50 49 85,99.9197,34.3984,0,9.5009 3.9594 6.9299 2.3497 4.1711 4.4999 3.4139 1.5160 7.4435 4.9541
1 0 1 1 1 1 1 0 0 1,707,1 1 1 1 0 0 0 0 0 0,85 84 78 9 90 72 24 95 96 74,4.7986,39.2061,1,9.7919 3.5800 2.1112 1.5651 2.1730 1.2900 0.5060 0.9340 0.4940 0.4539
0 0 1 0 1 1 1 0 1 1,546,0 0 1 1 1 1 0 1 1 1,67 33 50 67 69 38 29 47 64 82,70.7822,36.0493,0,9.1469 7.2352 2.8072 5.3082 3.1154 1.4674 1.3073 1.0905 1.7560 2.2852
0 0 0 1 1 1 1 0 0 1,436,0 0 0 1 1 1 0 0 1 1,38 63 21 70 53 6 42 47 92 4,58.4850,73.6950,0,6.4150 9.9600 3.5840 1.8630 1.0160 4.9580 5.8320 1.6480 1.0640 7.4260
0 1 0 1 0 1 1 1 0 1,546,0 1 0 1 1 1 1 1 1 1,46 89 18 79 25 32 100 58 82 17,82.8106,63.6246,0,7.0108 5.2863 8.4305 1.1265 3.5475 1.7036 1.5705 0.6485 2.7313 0.8912
1 1 1 1 1 0 1 1 0 0,434,1 1 1 1 1 1 1 1 0 0,56 1 43 44 100 12 56 24 65 33,74.1680,25.7930,0,5.9250 2.3830 1.0630 2.2580 2.3040 2.3260 1.2390 4.0400 1.4960 0.9840
0 1 0 0 1 0 1 0 0 0,463,0 1 0 0 1 0 1 1 0 1,28 45 78 75 94 22 23 30 38 30,66.9460,62.3870,2,6.5500 4.7360 4.5640 9.8150 6.3490 3.8790 2.2000 5.8770 2.5110 3.9800
0 1 0 1 1 1 0 1 0 1,459,1 0 0 1 1 0 0 1 1 1,93 29 29 50 2 14 23 89 93 37,4.3611,30.9463,0,8.4572 2.7710 2.3351 2.4116 2.7378 0.8537 0.7663 0.3566 0.5572 0.6175
0 1 0 1 1 0 1 1 0 0,233,0 1 0 0 1 0 1 0 0 0,10 27 4 42 28 29 4 28 44 17,91.2550,57.7540,0,12.3000 17.2540 10.1840 12.6900 4.2610 5.4810 4.2940 3.6640 6.1800 2.4410
0 0 0 1 1 0 1 1 0 1,436,0 0 1 0 1 1 1 1 0 1,75 24 12 6 66 0 83 89 28 53,52.3838,34.2080,1,7.0796 69.6531 4.5730 2.1066 1.4188 4.2611 2.0536 1.5786 0.9427 0.8715
0 1 0 0 1 0 1 1 1 0,435,0 1 0 0 0 1 1 1 1 1,5 86 32 34 86 5 13 73 47 54,119.9338,36.9166,0,10.9451 12.5547 7.2880 13.3148 12.9912 12.1334 4.2845 6.1919 3.7232 16.2363
0 0 1 0 0 0 1 0 0 1,562,0 1 1 1 1 1 1 1 1 1,6 27 14 78 9 75 95 74 100 84,12.4027,50.4532,2,32.6230 18.1122 2.5159 2.2553 0.9575 0.7838 0.7352 0.7843 0.8046 0.6782
1 1 1 1 1 1 0 0 0 0,312,0 0 0 0 0 0 1 1 0 0,39 56 50 88 0 17 13 4 28 17,98.2394,87.1732,0,5.3317 3.7872 2.5645 3.8101 1.4855 1.2899 2.5650 3.4200 1.1324 1.3952
0 1 1 1 0 0 0 1 0 1,532,0 1 1 1 0 0 0 1 0 1,19 81 27 95 24 28 37 92 34 95,39.0548,62.0474,1,9.1995 5.4318 1.5760 1.3038 1.9277 1.0718 7.5280 1.2561 0.9918 1.1917
1 0 0 1 1 1 0 0 1 0,725,1 0 0 1 1 1 1 0 1 1,94 95 62 84 98 60 63 16 60 93,90.2516,41.6506,0,6.5609 3.9975 1.4043 2.8618 4.3880 2.7713 2.3279 1.1518 1.2878 2.2478
0 1 1 0 1 0 0 1 0 1,426,0 1 0 0 1 1 1 0 1 1,30 0 77 2 97 58 24 21 47 70,158.3329,54.7427,0,4.2094 3.3256 0.5279 0.5619 0.7264 0.7238 0.4320 1.8414 1.6336 2.0315
1 0 1 0 1 1 1 1 0 1,471,1 0 1 0 0 1 0 0 0 1,60 80 53 47 28 22 67 14 20 80,56.7611,56.7604,1,10.5543 2.5975 1.8074 5.4272 2.2515 1.7313 2.6095 4.5911 2.3772 5.1692
0 0 0 0 1 0 0 0 1 1,395,1 0 1 0 1 1 1 1 1 1,8 8 45 7 49 65 98 67 39 9,43.3868,27.5050,0,5.5093 1.9597 4.1921 1.8079 0.7357 0.9200 0.7840 0.6153 0.5916 2.0077
0 0 0 0 0 1 0 1 1 0,548,1 1 1 1 0 1 1 1 1 1,79 45 96 13 36 42 17 92 62 66,136.5946,30.1606,0,10.2829 5.1432 4.3269 2.6738 2.6171 4.6168 3.2278 3.0681 3.6299 3.3396
1 0 1 1 1 1 1 1 1 0,469,1 1 0 1 1 1 1 1 0 1,87 12 12 42 83 57 74 23 29 50,46.6394,22.9959,0,6.9627 7.8129 8.3494 4.8158 5.2033 3.2780 2.6389 2.9218 2.9514 3.0738
1 1 1 0 0 0 1 0 0 0,553,1 1 1 1 1 1 1 1 1 1,44 99 74 53 43 38 45 70 4 83,505.8733,78.0420,1,6.1563 2.4993 0.7167 3.6547 1.7661 2.3137 1.3886 2.6179 1.4481 2.1317
0 1 0 1 0 1 1 0 0 1,359,1 0 0 0 1 1 0 1 1 1,18 38 1 38 66 87 8 71 11 21,94.4044,97.5760,0,21.6665 7.4926 3.6788 3.1162 2.6549 3.0937 2.2050 2.2726 1.5976 4.7703
1 1 1 0 0 0 0 1 1 0,510,1 1 1 0 0 0 0 1 1 0,85 47 23 28 43 49 97 58 37 43,50.0721,32.9099,0,6.3987 3.4876 1.8113 1.2548 1.1258 0.9360 2.7231 2.1720 1.1242 0.9831
0 0 1 1 0 0 0 1 0 1,441,1 0 0 1 1 1 1 1 1 1,8 21 4 72 70 41 87 87 44 7,3.3707,15.8495,0,2.3447 0.5437 0.7755 0.5201 0.6799 0.6559 0.6160 0.6077 0.6398 0.7601
0 0 1 1 0 0 1 0 0 1,413,0 0 0 1 0 1 1 0 0 1,86 26 37 44 33 86 6 44 27 24,108.1072,33.3537,0,18.8749 3.2175 11.6851 1.5328 6.0197 10.3484 1.8735 1.3765 2.1751 2.7899
0 0 1 1 1 1 1 1 0 0,278,0 0 0 0 0 0 0 0 0 0,18 0 47 33 38 47 36 22 36 1,11.0094,42.9887,0,9.5350 4.7598 7.1072 5.1716 3.9464 4.2478 3.7074 3.7662 3.4692 3.7692
0 0 0 0 0 0 1 1 1 1,292,0 0 1 0 0 0 1 0 1 1,12 50 14 6 13 42 15 9 67 64,160.6378,25.4936,0,8.4566 11.0813 1.4174 0.5402 3.2062 0.8886 4.0051 1.5638 1.5187 4.2413
0 1 1 1 0 0 0 1 1 1,616,0 1 0 1 1 0 0 0 0 1,82 45 33 80 23 91 51 84 62 65,18.2830,22.1530,0,2.2640 0.9730 1.0160 0.7410 1.7250 0.9230 1.0560 1.6010 1.4050 3.1720
1 0 1 1 0 1 1 1 1 0,509,1 0 1 1 0 0 1 1 1 1,61 91 81 56 50 17 47 17 75 14,73.5810,23.6280,1,3.8270 1.9790 1.2360 26.0800 2.5620 1.8900 1.7700 1.5130 2.0530 2.1600
1 0 0 0 0 0 1 1 0 1,506,1 0 0 1 0 1 1 1 0 1,82 94 47 44 34 18 12 93 13 69,36.4350,42.1851,0,4.8520 2.3616 4.8718 3.4602 1.5878 1.1323 1.1079 2.8842 1.5877 3.5563
1 0 1 0 0 1 1 0 1 1,492,1 0 0 0 0 1 1 1 1 1,24 43 40 20 86 72 61 72 4 70,78.0980,59.2960,0,6.3590 4.3599 7.0317 4.3278 5.3907 4.1289 1.7359 4.0628 1.6559 5.7611
1 1 1 0 1 1 1 1 1 1,501,0 1 1 1 1 0 0 1 0 1,50 58 86 80 64 98 52 9 4 0,10.7586,53.7225,1,13.1051 1.4549 1.6960 5.1392 1.1047 0.8335 0.9534 0.8247 0.7873 1.0022
1 0 0 1 0 0 0 1 1 0,374,1 0 0 0 0 0 0 0 0 0,27 50 40 21 31 68 17 30 89 1,76.0980,27.8656,0,17.0358 13.1827 11.4215 8.7251 10.0802 3.4328 3.0468 5.5458 12.1659 3.9139
1 1 1 1 0 1 0 1 0 1,513,1 1 1 1 1 0 1 1 1 1,89 4 23 17 78 22 63 68 58 91,62.2937,37.3310,0,7.7753 7.1957 4.5771 3.7529 5.7985 3.2752 3.3916 3.8487 2.4432 2.8840
1 0 1 0 0 0 1 0 0 1,409,1 0 1 0 0 0 1 0 0 1,14 48 34 30 40 94 83 18 29 19,10.2170,36.9190,2,7.7810 5.7520 4.1600 1.7910 2.6970 1.3110 0.8640 0.9120 0.7920 0.9040
1 0 1 0 1 0 0 0 0 0,489,1 0 1 1 1 1 1 0 0 1,41 28 37 66 81 65 0 94 23 54,79.4584,21.1803,0,9.1891 18.6059 7.0963 11.6924 9.5020 20.0440 7.1995 5.5278 5.7377 4.9780
0 1 0 0 1 1 1 0 0 0,463,0 1 1 0 1 1 1 1 1 1,15 65 44 33 33 81 44 73 66 9,37.5270,15.8906,0,5.6318 2.2418 1.9778 1.5210 0.5436 1.2319 0.9295 1.1357 0.5280 0.4635
0 1 0 1 1 0 0 1 1 0,454,0 1 1 0 0 0 0 1 0 1,18 35 21 96 37 78 34 91 15 29,93.5266,26.8624,0,5.2286 3.7408 2.9143 2.9333 2.0570 1.2662 1.2169 1.3542 7.3732 2.8990
0 1 0 0 0 1 0 0 0 0,517,0 1 0 0 0 1 0 1 0 0,26 90 87 30 20 27 89 57 46 45,89.7166,44.0972,0,3.9185 2.6079 3.7283 6.1236 3.4661 1.6919 2.4599 1.6706 1.5306 2.9583
1 1 0 1 0 1 1 0 0 1,630,1 1 0 1 1 1 1 1 1 1,29 42 20 98 75 93 59 53 88 73,55.2929,32.9034,1,18.0777 3.7756 5.1439 1.0638 0.9678 2.3678 0.9600 0.8880 0.7518 0.5519
1 1 1 0 1 1 1 1 1 0,474,1 0 1 0 1 0 1 1 0 0,30 42 64 60 61 37 95 43 5 37,74.2146,126.2551,1,5.9000 3.3516 2.2406 0.6403 0.7762 0.8880 0.6076 0.5754 0.7758 0.8639
0 1 1 0 1 1 1 0 0 0,290,0 1 1 0 1 1 1 0 0 0,26 38 0 0 43 48 26 10 70 29,29.4993,39.3629,2,8.2977 2.3485 2.0656 2.2879 3.9393 2.2929 1.9643 1.2742 1.0124 1.9565
1 1 1 0 1 0 0 1 1 1,546,1 1 1 0 1 0 0 1 1 1,72 52 57 71 62 94 38 5 63 32,31.2641,29.0041,0,5.5526 1.4174 2.9363 1.9798 0.9453 3.0598 1.1812 1.0689 1.8673 1.0687
0 0 0 1 0 0 1 1 1 1,364,0 1 1 1 1 0 1 1 1 1,0 68 60 53 8 8 70 0 35 62,112.7000,100.5930,0,6.9270 2.2320 1.9770 2.6830 3.6730 1.0720 1.9840 1.0340 1.5190 1.8240
1 0 1 0 1 0 0 0 0 1,332,1 0 1 1 1 0 1 0 1 1,95 18 57 10 53 36 35 20 0 8,27.3986,33.4702,1,17.0141 4.4060 3.4317 3.5412 4.6655 0.9554 7.0421 3.6582 1.4619 3.1293
0 1 0 1 1 1 0 0 0 1,559,0 1 1 1 1 1 1 1 0 1,1 71 77 67 71 48 73 71 38 42,88.7990,25.1470,0,6.5877 4.4176 7.7125 2.5700 1.2659 1.9236 1.9638 2.0193 0.9296 0.8740
1 0 1 1 0 0 0 1 1 1,434,1 0 1 1 0 0 0 1 1 1,92 71 18 15 11 43 40 21 80 43,376.1620,36.8990,1,7.0270 3.3420 29.1330 6.9910 3.7470 1.9120 2.3190 1.4600 4.1080 2.1990
0 0 1 1 1 1 0 1 1 1,481,1 0 0 1 1 1 0 1 1 0,41 36 49 72 42 78 36 56 70 1,95.3605,20.4847,0,47.1733 4.0638 1.7516 0.9591 0.6627 1.6037 0.7841 3.5745 20.3191 6.2717
1 0 1 0 1 0 0 1 1 0,373,1 0 1 0 1 0 0 1 1 1,19 3 59 91 48 16 5 40 80 12,246.8022,26.2603,0,20.3242 1.8946 1.8100 3.9532 8.2998 4.1837 3.2934 1.2227 1.3171 2.5421
1 0 0 1 1 0 0 0 0 0,630,0 1 1 1 1 0 1 1 1 1,67 96 96 39 37 8 76 64 67 80,68.0653,23.0208,0,9.1384 4.5443 18.1000 5.8272 2.6245 5.0005 0.6240 0.5440 3.0235 1.5931
0 1 1 0 1 0 1 1 0 0,616,0 1 1 0 1 0 1 0 0 0,76 80 90 9 99 36 94 75 13 44,60.8572,83.5488,1,6.6709 6.5995 5.6958 20.0553 6.4077 5.1437 3.1357 10.4395 2.9281 3.1598
1 0 1 0 1 0 0 1 1 0,443,1 0 1 0 1 0 0 1 1 1,92 43 34 54 2 37 6 39 61 75,56.8490,29.9860,0,7.6840 3.5690 4.0240 1.8240 3.9120 3.6070 1.9680 2.0730 1.9440 2.8080
0 1 1 1 0 0 0 1 1 0,390,1 1 1 1 1 1 1 1 1 1,71 21 3 69 81 27 64 9 42 3,162.5399,26.3273,0,11.9209 5.0257 3.3331 2.3408 3.5183 1.7479 1.5019 0.9335 1.2680 1.3839
1 1 0 0 0 0 0 0 1 1,473,1 1 1 1 1 1 1 1 1 1,25 72 89 78 18 35 93 17 8 38,54.2061,47.1913,1,10.6576 3.0475 2.9926 1.1437 1.4158 1.9684 0.9196 0.5675 0.7204 2.6486
1 0 1 1 1 1 0 0 0 0,595,1 0 0 0 1 0 0 1 1 0,43 76 100 75 59 65 24 72 41 40,18.3918,32.2027,1,5.2185 4.5551 2.4900 2.7062 2.3235 0.7351 1.6051 3.5112 3.0281 1.0888
0 1 0 0 0 0 1 1 1 0,509,0 1 1 0 1 1 0 1 1 0,33 83 65 14 56 55 59 66 29 49,66.4908,23.0229,0,3.9904 5.2239 6.1621 1.5606 5.0247 3.2892 5.3904 3.2008 1.8961 3.2837
1 0 1 0 1 0 0 0 0 0,445,1 1 1 0 0 1 1 0 1 1,53 93 15 85 47 11 55 3 31 52,38.4818,44.1997,1,10.9491 2.4477 2.1119 0.8084 1.3201 1.1038 1.0161 1.8558 1.0000 1.2636
0 0 0 0 0 0 1 0 1 1,385,1 0 1 0 1 0 0 1 0 0,3 17 72 37 63 31 75 24 50 13,136.6862,43.5428,0,9.2646 10.4361 5.3975 5.5279 3.6370 8.1762 7.7177 3.0922 4.1378 19.8951
0 0 0 0 0 1 0 0 1 1,516,0 1 1 1 0 1 1 1 1 0,23 99 100 74 26 66 49 55 4 20,54.9613,20.6421,0,3.3805 1.1822 1.0080 0.6804 0.7613 0.7979 0.6810 0.5999 0.6070 0.9924
1 1 1 0 1 1 0 1 0 0,580,1 1 1 1 1 1 1 1 1 1,43 71 78 93 83 28 15 41 61 67,76.5384,17.8602,0,3.4543 1.2358 2.6026 2.3029 1.1799 0.5547 1.6077 0.5210 0.3231 0.7861
1 0 1 0 1 1 0 1 0 0,444,1 0 1 0 1 0 0 0 0 0,26 67 98 8 20 62 27 5 87 44,145.9908,57.0524,0,62.8191 20.7280 15.7087 9.1697 7.5882 21.5615 7.8699 6.4717 8.9488 6.8612
0 0 0 1 0 1 1 1 0 1,354,0 0 0 0 1 1 1 0 0 0,35 26 45 12 25 80 25 18 21 67,7.4150,33.1922,2,4.1600 2.6000 0.7574 0.8939 0.4803 0.5277 0.4820 0.4238 0.4199 0.4670
0 1 1 1 0 0 0 1 1 0,623,0 0 0 0 0 1 1 1 1 1,79 46 69 94 49 71 81 81 38 15,290.2949,21.7754,1,7.3177 3.6478 0.7999 1.8558 0.5119 1.4718 0.8958 0.6719 0.4397 0.4083
1 1 0 0 1 1 0 1 1 0,575,1 1 1 0 0 0 0 1 1 0,84 67 54 66 25 81 19 9 73 97,61.7290,39.7176,1,5.0950 5.6590 3.2181 1.5448 4.9936 2.2119 2.0118 1.2382 0.8770 1.6844
1 0 0 1 0 1 1 0 0 1,458,1 0 0 1 0 1 1 0 0 1,24 63 21 18 51 91 54 40 94 2,25.7240,77.3404,1,15.5331 4.6582 2.0167 8.2121 1.4448 1.2683 0.9480 1.2330 1.1074 1.6285
0 1 1 0 1 1 0 0 1 1,578,0 1 1 1 1 1 1 0 1 1,19 85 61 83 41 97 14 27 71 80,174.2983,46.6378,0,9.1783 3.5856 4.5940 5.3779 1.9680 2.4120 3.7319 1.3259 1.0318 1.2876
