workerId, assignmentId, hitId, advice, reward, choices, results, timeToReadInstructions, timeToTakeQuiz, quizWrongTriesCounter, answerTimePerRound
A3VKDV41FXRV0S,3PH3VY7DJM5N0VXBKIDEHOHGLR7ZW3,3421H3BM9APJ10H5JJVYQQQUJDC9JC,1 1 0 0 1 0 1 0 0 0,498,1 1 0 0 1 0 1 1 0 1,25 68 21 22 67 69 77 58 15 76,58.7955,31.6720,0,4.9749 4.6716 1.3519 5.3117 2.5919 5.9437 1.7679 2.2798 3.6882 1.1999
A10Z4QVBJIA914,3Q8GYXHFEQAGFJ7HW36XGQ3ISCI5CU,3421H3BM9APJ10H5JJVYQQQUJDC9JC,0 0 1 1 0 1 1 0 1 1,569,1 1 0 1 1 1 1 1 1 1,88 68 42 55 74 28 92 13 70 39,74.4618,29.8570,1,9.7573 4.1679 12.2731 4.3139 2.0466 1.8800 1.4343 2.0821 1.3854 3.2195
A2G5GGLXD2KSZS,31QNSG6A5S1TQKVN3K5PCOLVTRS876,3421H3BM9APJ10H5JJVYQQQUJDC9JC,0 0 1 0 0 1 0 0 1 1,438,0 1 0 1 1 1 1 0 0 1,50 18 4 78 34 16 92 34 21 91,16.3998,158.1336,1,15.5243 6.9916 17.4396 12.1037 15.9039 11.4640 6.0240 5.2719 5.4078 3.1356
AX5RAD2CUCUO,32EYX73OY1H160MFF140DXUKRUDUR6,3421H3BM9APJ10H5JJVYQQQUJDC9JC,1 1 0 0 0 0 0 1 0 1,589,1 1 0 1 1 1 0 1 1 1,85 79 25 82 40 43 34 66 48 87,79.1993,33.3243,0,15.8029 5.4804 9.3660 3.0078 3.0876 3.3913 2.0165 3.0149 2.3583 2.7928
A3PPZ0USXDFBJ7,3YT88D1N096VK2W1AXZ2PCI6JP03KF,3421H3BM9APJ10H5JJVYQQQUJDC9JC,1 0 1 0 0 1 0 0 0 0,572,1 0 1 0 1 0 1 1 1 0,100 48 38 40 71 64 83 78 41 9,49.7312,38.3803,0,11.2433 10.2067 9.3738 6.8906 3.9256 5.3692 3.0372 3.3533 2.3475 4.4743
A243X2Y9HP7630,3ATTHHXXWBWGU5DRUJLEJCSXYGBXIX,3421H3BM9APJ10H5JJVYQQQUJDC9JC,1 0 1 1 0 1 0 0 0 1,522,1 0 1 1 0 1 0 0 0 1,64 72 40 52 49 50 66 50 54 25,124.0307,156.5543,0,6.5262 3.7434 1.0884 1.6477 0.8720 0.9600 0.7836 1.7994 0.6809 0.7840
A2ZHUJEIMZNPTO,3F6HPJW4JE8XUKUZVB40UD790I8W2S,3421H3BM9APJ10H5JJVYQQQUJDC9JC,1 1 1 1 1 0 1 0 0 0,404,1 0 0 1 0 1 0 1 0 1,59 31 5 58 18 72 33 74 29 25,7.9701,27.8871,2,9.7564 8.0719 3.0714 2.9118 3.1199 3.1436 1.4317 2.3279 1.5995 7.3038
A3HII8DX9SINOU,3R2PKQ87NXG50TENGCJ58VCZRCSIMZ,3421H3BM9APJ10H5JJVYQQQUJDC9JC,0 0 1 1 0 1 0 1 0 0,590,1 0 0 1 1 0 1 0 0 1,63 30 78 32 97 44 80 37 47 82,87.7021,86.9694,0,18.5262 13.7833 3.4643 1.0003 1.7605 1.7196 0.7203 5.2964 0.8957 1.2398
A21E14UDZSA0AW,379J5II41PO9E6UGKHSZN3ZIZEVELK,3421H3BM9APJ10H5JJVYQQQUJDC9JC,1 1 1 0 0 1 0 0 0 0,397,1 1 1 0 0 1 0 0 0 0,51 66 29 87 4 34 5 42 37 42,61.1637,58.0015,1,9.6576 8.3752 1.2328 1.8595 1.3229 1.0201 1.0404 1.1016 1.1212 1.8489
AOWW3URQNRJ6U,33ISQZVXPQU1E4GWBDT5UW9SKT4CC9,3421H3BM9APJ10H5JJVYQQQUJDC9JC,0 0 1 1 1 0 1 0 1 1,453,0 1 1 1 1 0 1 1 1 1,15 3 96 82 53 2 88 56 3 55,17.4737,17.4693,0,3.1921 0.8568 1.9249 0.9589 0.4569 1.2959 0.3129 0.3140 0.4110 0.3830
A2WTDVHVVORNDU,386CSBG1O0UGSOHE64HXS16ZSMU6QG,3421H3BM9APJ10H5JJVYQQQUJDC9JC,0 0 0 0 0 0 1 1 1 0,435,0 0 1 1 0 1 0 1 1 1,7 19 51 90 2 49 1 53 90 73,19.7639,264.6316,2,10.9115 14.0718 4.3760 3.5199 1.4399 1.0159 2.4479 1.3999 1.9358 2.7358
A1NWXL4QO30M8U,30BXRYBRP5519AXHEW77HHDBP1RWHB,3421H3BM9APJ10H5JJVYQQQUJDC9JC,1 1 0 0 0 1 1 0 0 0,423,0 1 0 0 1 1 1 0 1 0,45 60 75 30 4 58 63 28 29 31,19.1120,38.7042,0,3.9354 3.5438 1.3842 3.5440 1.3842 0.8241 1.7523 0.9043 0.9121 0.8000
AG2RE206QIMOI,3SNVL38CI50JX2SK3QA3IFM0P2DCKM,3421H3BM9APJ10H5JJVYQQQUJDC9JC,1 0 1 0 0 0 1 0 1 0,475,1 0 1 1 0 0 0 0 0 0,53 46 22 8 77 75 73 23 54 44,121.7149,39.9238,0,7.2468 3.8817 3.3362 3.0269 0.9797 1.2960 1.0533 1.0604 0.6334 0.9282
A2P3UQZWK9Y3B3,32VNZTT0A8C2P2S00VDI0TWQSHQR4H,3421H3BM9APJ10H5JJVYQQQUJDC9JC,0 1 0 1 0 0 1 0 1 0,609,0 0 1 0 1 1 1 1 1 1,16 34 81 68 75 83 73 30 99 50,54.6024,83.3031,1,11.1969 16.2238 7.1679 11.4637 2.7913 5.0479 2.8240 4.4079 5.7518 7.4479
A34TMWLXTWLMUL,3VELCLL3GLROUDQ8MIUML6B4D951FJ,3421H3BM9APJ10H5JJVYQQQUJDC9JC,0 1 0 0 0 0 1 1 0 1,357,0 1 0 0 0 0 1 1 0 1,7 54 58 9 31 1 71 50 19 57,1139.9433,38.7105,0,3.7381 1.4607 0.8029 1.6616 0.6373 0.8604 0.8206 0.7830 0.7155 0.7640
A2DCGTGSVHL9KM,32UTUBMZ7H4E38UQOUSF94RZNFKVBK,3421H3BM9APJ10H5JJVYQQQUJDC9JC,0 1 0 1 0 0 1 1 1 1,668,0 1 1 1 0 1 1 0 1 0,94 77 52 100 51 85 37 16 97 59,4.6540,64.7620,2,9.1240 1.0480 1.7050 1.5100 0.7310 1.6300 1.5430 1.2020 0.8220 2.1590
A2IPO6UJZDIQ91,39ASUFLU6YF4E0B5Y0VNYXU56N5XEP,3421H3BM9APJ10H5JJVYQQQUJDC9JC,1 1 1 0 1 0 0 0 1 0,632,0 0 1 0 1 0 0 1 1 1,82 30 88 52 59 32 33 75 82 99,379.5183,57.5306,2,6.6559 2.9757 1.3039 5.0958 1.0802 3.8790 1.5898 1.3437 1.3686 1.4957
A3NUBGOGWM4JJ9,3TE22NPXPCKVOWQ2PJH5S0LG03744C,3421H3BM9APJ10H5JJVYQQQUJDC9JC,1 0 1 0 0 0 0 1 1 0,507,1 1 1 0 1 0 1 1 1 1,56 64 76 48 23 21 94 29 95 1,3.7745,38.3309,2,3.2663 1.0400 1.0557 4.6721 1.8319 0.6881 0.4159 0.6003 0.5120 0.6156
A3JEM05G181BNU,30LB5CDZNDIUS5WQRBKTAT8CKMU0Z4,3421H3BM9APJ10H5JJVYQQQUJDC9JC,1 0 0 0 0 1 0 0 0 1,624,0 1 1 0 1 1 1 0 1 1,49 91 80 61 14 84 71 24 50 100,265.4129,22.0340,0,8.1202 4.4621 2.2726 2.3248 1.1578 1.3541 2.2970 1.2507 1.0248 1.6656
A22G7P0E0VR5A,3DEL4X4EL7T2K5SWY17H50MLOZAYX5,3421H3BM9APJ10H5JJVYQQQUJDC9JC,1 0 0 1 1 0 1 0 1 1,557,1 0 0 0 1 0 1 0 1 1,1 99 25 96 73 90 68 10 82 13,89.7060,25.9220,0,5.2400 7.3500 3.3530 8.5950 9.7270 2.1820 2.5900 1.4190 19.3200 2.1110
A24NDC7JH9LEM1,3A0EX8ZRN9WV72PVT5FZG3VT5WNBYA,3421H3BM9APJ10H5JJVYQQQUJDC9JC,1 0 0 0 1 0 1 0 1 1,506,1 0 1 0 0 0 0 0 1 1,28 82 23 32 82 56 35 20 100 48,2.5906,51.9502,2,6.5312 3.6234 1.3438 0.6477 0.9200 0.7677 0.9838 2.0156 0.6718 0.6477
A1THSBWV04YAIK,32VNZTT0A8C2P2S00VDI0TWQSHR4RV,3421H3BM9APJ10H5JJVYQQQUJDC9JC,1 0 0 0 0 0 1 0 0 0,471,1 1 1 1 1 0 1 1 1 1,33 65 68 11 19 14 35 83 50 93,72.6260,28.4260,0,8.8040 8.3700 5.3680 5.9200 5.2320 4.3990 3.8870 3.7360 3.9670 4.9600
AFC9Q2YBBESIP,3BDCF01OGY27KBB7KI4TU6RYHQ1LY7,3421H3BM9APJ10H5JJVYQQQUJDC9JC,1 1 1 0 1 0 0 0 1 0,558,1 0 1 1 1 0 1 1 1 0,19 17 39 46 92 53 92 95 95 10,81.0620,41.5600,1,10.7900 10.6860 7.5200 7.1460 6.9440 4.0560 1.3680 2.7280 4.9420 5.6240
A1SFBJ5WW2OZTI,3K3R2QNK8CBV20QTLK4EMCUQL899U0,3421H3BM9APJ10H5JJVYQQQUJDC9JC,0 0 1 0 0 0 1 1 1 0,415,0 0 0 0 1 1 1 1 1 0,47 42 46 24 54 59 11 74 54 4,40.0907,65.5818,0,10.7936 3.4289 4.1539 3.5466 1.6060 3.6009 0.8564 2.3907 1.5407 0.8658
A3AYDZLIK17L9K,3QJOXOW4XKZTKOC1KTTENGE7ZJMMEV,3421H3BM9APJ10H5JJVYQQQUJDC9JC,0 0 0 1 1 0 0 1 1 0,589,1 1 1 1 1 1 1 1 1 1,77 98 23 30 82 73 49 30 85 42,50.0909,87.0692,2,7.7746 4.6155 2.8726 0.9838 0.8319 1.9038 1.2796 0.9598 0.8717 1.5599
A259AXODQQ0WUJ,33NF62TLXKA65GYQDIRP5JZVFMNKJ9,3421H3BM9APJ10H5JJVYQQQUJDC9JC,1 1 0 1 1 1 1 0 0 0,643,0 1 1 1 1 0 1 0 0 0,56 98 65 97 48 37 61 93 50 38,95.5794,32.1883,0,16.9033 3.9819 11.5860 4.2738 4.1298 3.1498 2.9678 1.5719 1.9718 6.0399
A2O7LNRIBPIHAF,3X31TUMD7YUAU5048TXKGJGOA5SL19,3421H3BM9APJ10H5JJVYQQQUJDC9JC,1 0 0 0 1 0 0 0 0 0,584,0 0 0 1 1 1 1 1 1 1,0 37 23 90 49 89 30 83 96 87,97.9504,86.4668,0,14.8623 3.0796 3.3117 12.6316 7.9917 3.7118 3.9198 6.6315 4.2557 2.5759
A3DK4DDLEWCMM1,3NQL1CS15SGAGGN1YM6ZHFP08O3VY0,3421H3BM9APJ10H5JJVYQQQUJDC9JC,1 0 0 1 1 0 0 1 1 1,611,1 0 0 1 1 1 1 1 1 1,67 38 22 66 59 40 90 100 52 77,57.4230,26.0640,0,6.3840 3.9050 3.6810 1.3630 1.0740 0.8060 1.2850 0.8500 2.7840 0.6970
A3HU9JOPC9UK8Q,3RUIQRXJBCWNKC4813F30YP28BYLLG,3421H3BM9APJ10H5JJVYQQQUJDC9JC,1 0 1 0 1 1 0 0 1 1,591,1 0 0 0 0 1 0 0 1 1,1 78 21 70 48 72 100 49 77 75,36.3420,28.9001,0,7.2889 6.0358 2.9739 6.2998 2.4059 4.2459 3.0698 3.4419 2.2659 1.6359
A17OSPGV41FZ7P,3XC1O3LBOTUB3PCDACHUMPZJ2OKLTJ,3421H3BM9APJ10H5JJVYQQQUJDC9JC,0 0 0 0 1 1 1 1 1 1,418,0 1 1 1 1 0 1 1 1 0,22 58 86 61 0 7 69 73 19 23,57.4640,32.3590,1,9.0540 5.2870 3.9450 2.7350 7.8880 1.3200 2.6810 1.9280 1.8640 1.6810
A2CS92S5XOYS3B,32XVDSJFP051P80LR9YDLF5I2GXM2U,3421H3BM9APJ10H5JJVYQQQUJDC9JC,0 1 1 1 1 1 1 0 0 0,551,1 1 0 0 1 0 1 1 0 1,76 20 43 30 93 49 50 73 40 77,35.5072,99.7969,1,5.3191 4.3357 2.7358 1.3837 0.7998 1.1518 2.5599 0.9199 1.1602 0.6316
A23K1C2USTZKV6,31JLPPHS2V2EATHG8PRVWTZF3UCO3M,3421H3BM9APJ10H5JJVYQQQUJDC9JC,1 1 0 0 0 0 1 0 0 1,455,0 1 1 0 0 0 1 0 1 0,27 50 18 67 67 1 50 24 92 59,25.6771,33.3283,0,6.7576 0.9912 4.5038 1.0087 2.9837 0.9359 0.7758 0.8797 0.6717 0.9758
AP26BNVW9C4FQ,3RANCT1ZVGPEQT5QJ4IADIPG98DUBW,3421H3BM9APJ10H5JJVYQQQUJDC9JC,1 1 1 1 1 0 1 1 0 1,736,0 1 0 0 1 1 1 0 1 0,86 67 82 8 28 100 96 87 98 84,51.5425,24.2322,0,7.1100 8.5273 5.1436 4.5198 1.8398 1.4077 0.7681 4.6957 0.4160 0.6876
A1D32H228RF6EX,3GA6AFUKOPW4ICVT4CW5CK2ER8YH3R,3421H3BM9APJ10H5JJVYQQQUJDC9JC,1 1 0 1 1 0 0 0 0 0,460,1 1 1 1 1 1 0 1 1 1,25 51 40 97 69 20 33 84 21 20,421.5875,19.6726,0,4.0585 5.3117 10.5836 2.3601 1.2078 2.3437 0.7679 1.8400 3.8557 3.2322
A39PWM9C4U0TEP,32SCWG5HIICVSCGZ6R28SWGPNQB6PS,3421H3BM9APJ10H5JJVYQQQUJDC9JC,0 0 0 0 0 1 1 0 1 0,620,0 0 0 1 0 1 0 0 1 1,38 57 92 77 96 69 43 92 49 7,37.7061,129.2108,0,9.2732 3.7106 5.8727 2.5784 1.4778 1.8400 3.1985 5.0288 7.2438 3.8649
A2YE2I9DYV9OKW,3BV8HQ2ZZX9O58AXH8KB21RUO4BA6G,3421H3BM9APJ10H5JJVYQQQUJDC9JC,0 1 0 1 1 1 0 0 0 0,392,0 1 1 0 1 1 1 1 1 1,23 81 7 15 73 64 12 52 19 46,69.2295,26.9345,0,4.1297 3.0613 2.2199 1.4259 1.5278 1.8038 1.5661 1.2993 0.8819 1.0482
A1WF1X8PQQJ2OQ,3WYP994K18ZP1Q80XEYR5N91RVDY6D,3421H3BM9APJ10H5JJVYQQQUJDC9JC,1 1 0 1 1 1 1 1 1 0,595,1 1 0 1 1 1 1 1 1 0,40 51 73 94 70 80 100 23 25 39,16.9744,451.4125,1,8.5371 2.2556 4.2477 2.1197 1.9360 2.4158 3.5998 2.0078 2.6400 1.4959
ARQA90W3DRJCB,345LHZDEDY09NY1D4B34VZR4LG13UF,3421H3BM9APJ10H5JJVYQQQUJDC9JC,0 0 0 0 0 1 0 1 1 0,446,0 0 0 0 1 1 1 1 1 0,84 77 5 1 53 47 99 54 11 15,123.4519,129.3889,0,16.7164 7.2473 12.1442 4.8961 9.5529 1.9355 12.8075 24.7427 3.9676 3.7674
A1IW8P2O4CK670,3PQ8K71NHYSPSAM07L1NI6TGKN1AA6,3421H3BM9APJ10H5JJVYQQQUJDC9JC,0 1 0 1 0 0 0 0 0 1,266,0 0 0 1 0 0 0 0 0 1,47 7 3 18 30 31 2 48 10 70,11.9324,132.4753,2,10.9959 11.7595 3.3593 1.8152 2.5284 1.9114 2.4879 1.4887 1.6079 0.9429
A2KC0PSGG2OIQX,35BLDD71I75AL6X6U88IVMY2EI8ZVW,3421H3BM9APJ10H5JJVYQQQUJDC9JC,0 1 1 1 0 0 1 1 0 0,478,0 0 1 0 0 1 1 0 1 0,2 83 9 32 62 92 29 86 80 3,866.7089,88.6143,0,4.4981 1.1037 0.6479 1.0159 1.9198 0.7358 1.9999 0.8719 2.3837 0.7439
A2KOPOJ9ZR5US3,38SKSKU7R25LUBW2G0IQ8IXAR75IL0,3421H3BM9APJ10H5JJVYQQQUJDC9JC,0 0 1 1 1 0 0 1 0 0,424,0 1 1 0 0 0 0 1 0 0,62 79 39 53 16 79 0 39 35 22,3.5970,30.8640,2,6.0050 2.5360 2.4480 1.1310 2.5810 2.4410 0.8390 1.5200 0.6950 1.8650
A2VDGWD0BBMSP2,388U7OUMF89LQEAZHUQGOQ6DB5DR04,3421H3BM9APJ10H5JJVYQQQUJDC9JC,1 1 1 1 0 0 1 1 0 1,339,1 1 1 0 0 0 1 0 0 1,54 5 43 27 40 27 16 46 6 75,102.9562,34.4094,0,4.5202 11.3923 3.4767 1.3241 3.1164 5.4215 3.7065 2.1566 2.5587 1.6279
A35UAI9VBH32D5,3XIQGXAUMDGJ5LWVBSHHSN2OK057XH,3421H3BM9APJ10H5JJVYQQQUJDC9JC,1 0 0 1 1 0 0 1 1 0,404,0 0 1 0 1 0 1 1 1 1,71 90 87 32 21 19 19 4 50 11,22.0790,200.0544,1,13.5164 2.6314 7.4315 4.7681 4.7195 1.3438 1.5438 4.0876 2.8637 1.1589
A3UF6XXFFRR237,3Z7VU45IPZPUZUH8NUOTOYRMPE2Z18,3421H3BM9APJ10H5JJVYQQQUJDC9JC,1 1 1 0 1 1 0 1 1 0,459,0 1 1 0 1 0 0 0 1 0,3 74 50 32 17 85 78 26 58 36,87.5202,195.5840,0,9.9985 0.6249 0.8929 7.5720 1.5220 4.8748 0.8724 2.3206 4.1177 1.4454
A3O43L1ZB2PRQ2,3BV8HQ2ZZX9O58AXH8KB21RUO4C6AD,3421H3BM9APJ10H5JJVYQQQUJDC9JC,1 0 0 1 0 1 0 1 0 0,437,1 0 0 1 1 1 1 1 0 0,97 24 26 61 53 49 34 23 42 28,53.5392,32.7276,1,4.1531 7.5216 1.7918 1.1661 3.4677 2.3161 1.5074 0.9080 1.0284 0.9330
A2WSHOJP9S085C,33NF62TLXKA65GYQDIRP5JZVFMQKJC,3421H3BM9APJ10H5JJVYQQQUJDC9JC,1 1 0 1 0 0 0 0 0 0,354,1 1 0 1 0 0 0 0 0 0,3 58 79 42 5 5 2 70 17 73,12.4371,41.0244,0,7.6788 8.0792 2.7117 7.4239 0.8320 2.6084 2.1919 1.6722 2.6081 1.4479
A1IL81UMEC9OJI,37M28K1J0RL0T3P41RE0B5WZAAWAJN,3421H3BM9APJ10H5JJVYQQQUJDC9JC,1 0 1 0 1 1 1 1 0 1,534,1 1 1 1 0 0 0 0 0 0,55 22 85 87 20 52 55 88 49 21,122.5346,21.3652,0,9.4457 5.9819 5.1298 3.1837 2.4019 2.1353 2.5806 1.5658 2.0107 1.6252
A25XF7JNDKL995,34T446B1C1MHKCLGZX0LZV7RB4C0C9,3421H3BM9APJ10H5JJVYQQQUJDC9JC,1 1 1 1 1 0 0 1 1 0,495,1 1 1 1 1 0 0 1 1 0,6 59 59 41 57 46 37 72 79 39,54.1340,26.8990,0,10.1120 4.9510 3.8960 1.8350 1.5520 3.4490 1.4150 1.6270 1.9010 1.9740
A1RSAU5I9NZTOP,3FTYUGLFSVTQKBDVWZ180WL0DCZ5DZ,3421H3BM9APJ10H5JJVYQQQUJDC9JC,0 1 0 1 0 0 1 0 1 0,469,0 1 0 1 1 0 1 1 1 1,30 80 33 78 18 17 35 62 70 46,143.5261,89.3058,1,16.1531 4.4492 3.7781 4.5086 3.3690 6.0760 4.0119 2.2301 4.8012 1.8311
A2Z6NL0CTXY0ZB,3OJSZ2ATDT4A32CL5MYM04B4R1W758,3421H3BM9APJ10H5JJVYQQQUJDC9JC,1 0 0 1 1 1 1 0 0 0,460,1 0 0 1 1 1 1 0 0 0,7 44 16 96 61 21 81 74 34 26,25.6060,38.2000,1,7.1740 4.8390 4.5440 2.2330 1.3270 0.8980 0.8320 1.1400 1.2960 1.5920
AJ8YRFXUNYNIH,3CP1TO84PU93H1FFZAHR4DUWGLA52Q,3421H3BM9APJ10H5JJVYQQQUJDC9JC,0 1 1 0 0 0 1 1 1 0,405,1 0 1 1 1 0 1 0 1 1,75 10 97 37 50 29 12 16 17 62,84.1651,29.8893,0,12.3074 6.7196 5.2556 1.7117 4.4799 3.9998 1.2082 1.6639 4.1436 1.2638
A3TKG4R05ER6XY,33TIN5LC05ICJ9AYVL13PX03HWOY9R,3421H3BM9APJ10H5JJVYQQQUJDC9JC,1 0 1 0 0 1 1 1 0 1,646,0 0 0 1 1 1 1 0 1 1,81 86 25 66 74 87 60 53 62 52,35.0909,105.5262,0,8.0260 11.3128 5.3109 2.0667 3.7081 12.2932 4.0706 6.1604 3.0577 8.2018
A2SYTRKH1JWJO5,3D8YOU6S9FS8KHOVND12223OV75U6E,3421H3BM9APJ10H5JJVYQQQUJDC9JC,1 0 1 1 0 1 0 0 0 1,480,0 1 1 1 0 0 1 1 0 0,48 85 95 40 1 44 61 5 89 12,7.7551,49.8555,1,5.9669 9.4988 1.0818 1.2293 1.8847 1.2759 1.0167 5.0264 1.2238 2.9483
A3DUPRZSMU9W5R,3IAEQB9FMFSKXUSFS0OHQWYDX94DWP,3421H3BM9APJ10H5JJVYQQQUJDC9JC,0 1 1 0 1 0 0 0 1 0,426,0 1 1 0 1 0 0 0 1 1,62 47 38 50 47 4 45 19 27 87,66.8752,20.0725,0,7.7783 1.3997 2.9520 0.8160 3.7282 1.0879 0.7520 1.5837 0.7117 1.0882
A3DA81ZFKYYGFC,374TNBHA8C3IB8RKCNCPBSQSRWSQY5,3421H3BM9APJ10H5JJVYQQQUJDC9JC,0 1 0 1 0 0 1 0 1 1,703,0 0 0 0 0 0 1 1 1 1,50 91 99 93 67 28 62 94 50 69,139.9060,67.4520,0,12.8630 3.0940 4.3440 2.2230 2.8760 1.9380 1.2030 4.8610 2.2510 2.2670
A2Y5I2HJTRFR8H,3RYC5T2D741OEVEJYF563R7LJDSPRC,3421H3BM9APJ10H5JJVYQQQUJDC9JC,0 1 1 0 0 1 1 1 1 0,313,0 1 1 0 0 1 1 1 1 0,41 89 46 40 9 17 11 29 7 24,77.8491,49.1317,1,6.6271 1.8911 1.0729 1.0561 7.6393 0.8163 1.5239 1.5007 1.2688 1.3962
AU6SRME5DNC67,30JNVC0ORASWPD1V2N81PSVP10GQH7,3421H3BM9APJ10H5JJVYQQQUJDC9JC,1 1 1 1 1 1 1 1 0 1,712,1 1 0 1 1 0 1 0 0 1,84 56 45 97 74 97 60 61 96 42,81.9957,39.1689,0,18.7198 8.9821 2.0074 6.4071 3.9998 2.7133 1.5361 4.1362 2.7039 0.9998
A1PW0DYY2X8TP,3XC1O3LBOTUB3PCDACHUMPZJ2OOLTN,3421H3BM9APJ10H5JJVYQQQUJDC9JC,1 0 0 0 0 0 1 0 0 0,514,1 0 0 0 0 0 1 0 0 0,62 28 49 67 75 50 70 44 65 4,78.5640,71.8560,1,14.5810 3.5140 2.9540 2.4750 1.2920 4.8250 1.8220 1.8070 1.3330 1.3100
A119NKB45VOGE5,3A1PQ49WVIP889HEH8IMORNHTOP1HO,3421H3BM9APJ10H5JJVYQQQUJDC9JC,1 0 1 1 0 1 1 0 0 1,373,0 0 1 1 0 1 0 0 0 0,6 31 55 33 72 4 68 55 42 7,3.3270,15.0260,0,2.9010 1.7590 1.4630 0.7840 1.7590 2.2470 0.8750 1.8390 0.9520 2.9820
A1IHI23KH87K5W,3KXIR214I5OLLIBFL5YHZLOIGPH42M,3421H3BM9APJ10H5JJVYQQQUJDC9JC,1 1 0 0 1 0 0 0 1 1,519,1 1 0 1 1 0 0 1 1 1,42 77 90 42 69 43 46 94 3 13,57.5500,39.2018,1,6.3166 2.1271 3.3280 1.9813 5.6279 3.3898 1.5459 2.2562 1.6956 1.6360
A2MYLV7DGUL42B,308XBLVESJCMA1D9FAN5872W29EBRE,3421H3BM9APJ10H5JJVYQQQUJDC9JC,1 0 1 1 0 0 0 0 1 0,523,1 0 1 1 0 1 1 0 1 0,83 38 53 74 9 90 1 92 40 43,57.0747,26.7524,0,10.9262 4.1196 2.0158 2.0875 1.5355 4.6639 3.0876 1.1836 1.4384 0.9997
A6AB1O0UYB7PI,3R08VXYT7D34GLR51NLVQ4OHBY1W7F,3421H3BM9APJ10H5JJVYQQQUJDC9JC,0 1 0 1 0 1 0 1 1 0,490,1 0 1 1 0 1 0 1 1 0,66 65 41 38 31 18 48 72 71 40,66.2464,58.5204,1,15.7192 11.0941 5.6354 7.4640 4.8852 4.1982 1.1776 3.8550 6.0273 4.0593
A1YCGICA8XCNBH,35DR22AR5ES142V89GERF6Q8FYLX34,3421H3BM9APJ10H5JJVYQQQUJDC9JC,0 1 1 0 1 1 1 1 1 1,492,0 1 1 1 1 1 1 1 1 1,10 77 86 33 52 48 61 75 31 19,83.7710,55.0156,1,6.5714 3.0631 3.6558 1.6087 1.2108 0.9824 1.1582 0.9513 0.8599 0.9132
A3GRV5A91OW2BV,37XITHEISXH5K65FTAJ0JR8EKUECRM,3421H3BM9APJ10H5JJVYQQQUJDC9JC,1 1 1 0 1 0 1 1 1 0,568,1 1 1 0 1 0 1 1 1 0,40 72 68 24 70 72 49 88 74 11,75.7668,26.4068,0,3.1305 5.8604 7.7092 3.8539 3.5240 1.9160 5.8841 4.6900 2.0120 1.6499
A2FT02WD8F761E,3Z9WI9EOZ0WAEA30PIO4T6JG2UPHK7,3421H3BM9APJ10H5JJVYQQQUJDC9JC,1 0 0 0 0 0 1 0 0 0,478,1 0 0 0 0 0 1 0 0 0,64 97 28 48 9 100 57 65 6 4,80.1622,33.7615,0,9.3723 7.1912 6.1390 3.3981 2.3231 9.8116 1.3593 1.5390 1.2328 1.1671
A1V6MPL7396OE4,32SCWG5HIICVSCGZ6R28SWGPNQFP6F,3421H3BM9APJ10H5JJVYQQQUJDC9JC,1 0 0 0 1 1 1 0 1 0,430,1 0 0 0 1 1 0 0 1 0,6 16 87 67 64 35 54 75 19 7,24.4946,27.6514,0,5.5828 8.2927 5.0087 5.9023 13.9740 6.7942 16.4535 7.3730 5.8415 6.7274
AMIPQMYV4SV8K,3A4NIXBJ7777QUMT1FGI0B4R8GTMLO,3421H3BM9APJ10H5JJVYQQQUJDC9JC,0 1 0 1 1 1 1 0 0 0,542,0 1 1 0 1 1 1 0 1 0,67 50 91 15 64 64 92 42 37 20,43.4855,23.3090,0,7.6274 4.3522 4.1798 4.7327 1.9660 2.2470 6.2280 3.8872 2.3447 1.2069
A14WLAP6TCEKO0,39RP059MEI1VDL0HA2ROM88MWMFMB1,3421H3BM9APJ10H5JJVYQQQUJDC9JC,1 1 0 0 0 1 0 1 0 0,549,1 0 1 0 1 1 1 1 1 0,98 38 59 2 93 74 42 98 10 35,41.2286,134.6280,2,4.9807 1.4422 0.7860 0.6717 0.5305 1.8985 7.1477 0.9446 1.8418 0.4340
A88DXNDGDUWEN,3F6KKYWMNC9UA0J10ZXUUDLM4X1DNZ,3421H3BM9APJ10H5JJVYQQQUJDC9JC,0 0 1 0 0 0 0 1 0 0,462,0 0 1 0 0 0 0 1 0 0,31 25 28 72 90 6 15 85 87 23,31.0001,11.0078,0,4.1026 4.6198 4.8313 4.0177 3.8364 1.8012 1.6406 2.7570 2.4953 1.1585
A2APPZDU0VS9LN,39ZSFO5CA94K8C327WVRB68THDRUJM,3421H3BM9APJ10H5JJVYQQQUJDC9JC,0 1 1 0 0 1 0 1 0 1,371,0 0 1 0 1 0 1 1 0 1,40 24 86 6 50 30 20 81 5 29,4.0290,35.9890,1,2.9260 2.2560 0.8880 0.7760 1.2080 2.0320 1.3690 0.7280 1.8230 0.8320
A1CY01G7686ORZ,3RWE2M8QWII0BGI7ON9ZF613A8SN0G,3421H3BM9APJ10H5JJVYQQQUJDC9JC,0 0 1 1 0 1 1 0 1 0,539,0 1 1 0 1 1 0 1 1 0,52 58 84 36 70 100 13 30 27 69,15.2222,24.6699,0,8.6448 5.3220 2.7635 1.6202 1.7400 1.3437 2.3079 1.4316 0.8853 0.7677
A3KPVU5XH7W1RP,3KOPY89HM9A09IQJSCZQOXIT407J33,3421H3BM9APJ10H5JJVYQQQUJDC9JC,0 0 1 0 1 0 0 1 1 1,379,0 0 1 0 1 0 0 1 1 1,64 50 20 9 50 1 39 73 21 52,72.9691,24.3534,0,5.7418 3.8715 4.7122 9.4160 2.8560 5.0239 1.1669 2.4960 1.5052 1.2152
A1YMIA0664RNFF,3FQ5JJ512MW2O6PBSGJHYQGCO6YNKM,3421H3BM9APJ10H5JJVYQQQUJDC9JC,1 1 0 1 1 1 1 1 0 0,301,0 1 1 1 0 1 0 1 0 0,4 42 12 25 14 7 68 87 2 40,26.5539,33.1423,1,6.5196 1.4038 1.1435 0.8530 0.7874 0.7585 0.8528 1.9317 0.5764 0.6440
A1M8NRHSH58X25,3VELCLL3GLROUDQ8MIUML6B4D9D1FR,3421H3BM9APJ10H5JJVYQQQUJDC9JC,0 0 0 0 0 1 0 1 0 1,269,0 0 1 0 1 0 0 1 0 1,31 11 21 1 27 11 46 15 49 57,81.2420,71.9678,1,7.7516 2.5278 5.6641 0.7759 0.6640 1.0960 4.6158 1.1439 0.6641 1.1598
A8TGE09ODEBAA,388U7OUMF89LQEAZHUQGOQ6DB5HR08,3421H3BM9APJ10H5JJVYQQQUJDC9JC,1 1 0 1 0 1 1 0 1 1,430,1 1 0 1 0 1 1 1 1 1,98 11 62 5 10 72 90 27 40 15,47.1845,89.3404,1,6.6492 4.5315 1.7775 0.6472 2.1754 2.5400 2.4699 2.1187 0.8057 2.1496
A33FA1VLSTBM74,31EUONYN2WBYM2JZSZX1FORYUEAOVO,3421H3BM9APJ10H5JJVYQQQUJDC9JC,0 1 0 1 1 1 0 0 1 1,409,0 1 0 0 0 1 1 0 1 0,51 8 64 80 15 44 46 37 0 64,61.3746,25.2351,0,6.0739 2.0341 1.5490 1.8521 1.5385 1.4386 2.4814 1.3660 1.7820 1.2962
A2V3QINUTX8V32,3Q5C1WP23N9WSGXJG6HDZUKROFZ158,3421H3BM9APJ10H5JJVYQQQUJDC9JC,1 1 0 0 1 0 0 0 0 0,379,1 0 1 0 1 1 1 0 1 1,46 39 0 3 0 97 66 19 86 23,154.8730,73.0610,0,27.3620 12.5040 6.8430 3.0620 3.1710 8.0250 3.3240 4.8820 2.3050 1.8990
A2VRSQ7TZL5W2Y,3B1NLC6UG04XP555I4BU4NTEH4JPGI,3421H3BM9APJ10H5JJVYQQQUJDC9JC,0 1 1 0 0 1 0 0 1 0,462,0 1 1 0 0 1 0 0 1 0,83 65 18 38 59 90 20 34 22 33,33.6255,74.0741,1,11.7227 5.5821 2.5759 9.5000 19.3603 2.6260 1.7673 2.1035 1.2186 1.3187
A27IUQDZPHETTP,3EQHHY4HQT0TWVNMYP2G6HOXQ4I5GC,3421H3BM9APJ10H5JJVYQQQUJDC9JC,1 1 1 1 1 0 0 1 1 0,541,1 1 1 1 1 0 0 1 1 0,43 62 55 66 83 45 42 79 53 13,33.4937,49.1525,0,24.3267 11.9597 12.4319 12.4478 3.4077 2.9438 2.1039 2.1999 3.0558 2.0399
A28CYSCFUUDRXT,3NJM2BJS4XEK8TP0GIFBEW8ZJCRCPV,3421H3BM9APJ10H5JJVYQQQUJDC9JC,0 0 1 1 1 0 0 0 0 1,481,0 1 1 0 1 1 1 0 1 0,50 50 6 1 20 43 62 78 82 89,66.9180,77.3990,2,5.5200 4.0410 6.9430 1.1510 3.2900 1.2240 2.7930 2.0010 1.3920 1.6730
A3MW8P9QLFY3SC,3X3OR7WPZ08S55KP7E6ZVT3WOB5L80,3421H3BM9APJ10H5JJVYQQQUJDC9JC,1 1 1 1 0 1 1 0 1 1,638,1 1 1 1 1 1 1 1 1 1,70 77 17 95 95 64 25 61 92 42,37.6734,49.6337,1,3.5738 4.8040 4.7779 7.0219 7.6878 8.1460 4.5660 12.0481 4.8899 5.0582
A26TP6KBY866VC,3NLZY2D53QXYB9KLT8NZHKOWIHRQLG,3421H3BM9APJ10H5JJVYQQQUJDC9JC,1 0 1 0 1 1 0 0 0 1,576,1 1 0 1 1 1 0 0 1 1,19 63 50 81 91 23 71 15 100 63,69.5223,32.3031,0,3.3182 1.5429 1.1270 0.9434 2.3759 1.1260 2.0402 0.8111 2.7711 1.6959
A1GOT0DXTYCM4E,36NEMU28XGLN1OYS5TNK9ML76NYWMS,3421H3BM9APJ10H5JJVYQQQUJDC9JC,1 0 1 0 1 0 0 1 1 1,427,1 0 1 1 1 0 0 1 1 0,25 2 54 93 75 37 34 30 22 55,22.4891,54.2082,1,4.6845 3.3742 2.9009 0.9584 0.7084 1.0540 0.9093 1.5831 0.6587 0.5273
A2VPCWI6X1QCDF,3PB5A5BD0WE8JZ15MIHD412THAE7GU,3421H3BM9APJ10H5JJVYQQQUJDC9JC,1 1 0 1 0 1 0 1 1 0,549,1 1 0 1 0 1 0 1 1 0,55 35 37 23 83 68 31 78 95 44,32.9147,32.5581,1,7.9648 2.2796 2.2934 1.1720 1.9380 1.2691 1.0850 2.0219 1.3687 1.3569
A1NCO5A4JYHGKQ,3PQ8K71NHYSPSAM07L1NI6TGKN7AAC,3421H3BM9APJ10H5JJVYQQQUJDC9JC,0 1 1 1 0 1 0 1 0 0,389,0 1 1 1 0 1 0 0 0 0,66 7 77 77 73 25 11 4 33 16,43.3168,27.9760,0,9.9031 6.1369 8.2246 2.8874 4.3920 6.8558 1.2158 3.4802 1.2872 1.3920
A2VCS4OA14HCSU,3Y9N9SS8LZJN6WQRIGDFLZNGZGCD3L,3421H3BM9APJ10H5JJVYQQQUJDC9JC,1 0 0 1 1 0 0 0 0 0,479,1 0 0 1 1 0 0 1 1 1,32 66 88 63 89 6 15 46 31 43,95.8620,46.2830,1,6.4220 15.7640 10.8310 2.3810 2.8530 0.9320 2.2000 1.7200 1.3200 1.5430
A10LHWALI4BZPC,32UTUBMZ7H4E38UQOUSF94RZNFTVBT,3421H3BM9APJ10H5JJVYQQQUJDC9JC,0 1 0 1 0 1 0 0 0 0,548,1 0 0 0 1 1 0 1 0 1,51 100 25 18 79 74 45 41 25 90,58.2263,26.9407,1,8.3422 7.6184 1.7997 1.6119 1.6940 1.6345 1.4159 1.3842 1.4839 1.2862
A2I988BSR2YYU3,3I3WADAZ9RCHO84KM8FOBQXZHQA5O0,3421H3BM9APJ10H5JJVYQQQUJDC9JC,0 0 0 0 0 0 0 1 1 1,339,0 0 1 0 0 0 1 1 1 1,29 10 3 17 86 22 7 78 30 57,120.9183,78.8540,1,28.3802 2.7028 1.2474 0.8798 3.1992 1.6957 1.6712 1.2108 0.8479 0.8940
A1G1OO4IWM8EP5,3Q5ZZ9ZEVPNE3GH4FRQSE47Z2L658X,3421H3BM9APJ10H5JJVYQQQUJDC9JC,1 0 0 0 0 0 0 1 0 1,567,1 0 0 0 0 0 0 1 0 1,69 71 92 46 32 77 42 58 14 66,36.5222,249.3988,2,40.0662 3.6668 1.4859 0.8405 1.2227 0.7768 0.8035 3.3082 5.8647 2.1434
A2J65ZHAJQDKAC,3TMSXRD2X78Q5ZC3C74MPUX48C4W1L,3421H3BM9APJ10H5JJVYQQQUJDC9JC,0 1 1 1 1 0 1 1 1 1,509,0 1 0 1 1 1 0 1 1 0,19 78 13 61 75 27 85 65 19 67,69.9264,30.7281,0,5.1494 11.9911 1.8720 8.0159 3.9596 2.5118 1.7999 1.2719 2.7359 2.6720
A20SXG1DHDIDI7,3M0NZ3JDP26TNCIROHQ5RO431UE5Z3,3421H3BM9APJ10H5JJVYQQQUJDC9JC,1 0 1 1 1 0 0 0 0 1,372,1 1 0 1 0 1 1 1 1 0,0 78 3 19 30 56 55 6 50 75,23.2880,27.2540,0,7.3270 5.4180 3.1750 6.8960 2.6070 3.9730 4.0450 1.9750 2.5710 1.7390
A1PDBRYBFMMFNY,3IGI0VL648SLEXAQQ8BA57XL8BAON9,3421H3BM9APJ10H5JJVYQQQUJDC9JC,0 0 0 1 0 1 0 0 1 0,450,0 0 0 1 1 1 1 1 0 1,4 51 54 14 58 94 88 58 6 23,96.3655,63.1276,1,6.1661 2.7037 1.2639 3.0318 12.9043 8.3679 2.7839 4.1760 13.7842 1.9599
A2MI6AUNBXGL47,3IAS3U3I0GO56HWO0K847ZUOQH12BT,3421H3BM9APJ10H5JJVYQQQUJDC9JC,1 1 1 0 1 0 1 0 0 1,399,1 0 1 0 1 1 0 0 1 1,67 36 77 25 52 44 10 16 2 70,61.0260,34.8970,0,19.8570 7.0110 5.7040 3.2450 2.7200 2.5150 5.3210 2.0600 3.6070 3.7620
AX9PDV4MOJ1M0,33C7UALJVM6FFYGLE4OGBEUIQ5281J,3421H3BM9APJ10H5JJVYQQQUJDC9JC,1 0 1 0 0 1 0 1 1 1,355,1 0 0 0 1 1 1 0 1 1,30 48 33 7 90 65 2 24 15 41,40.9717,45.0957,1,11.2316 9.0476 4.5520 7.6798 8.6718 3.6880 2.5919 3.1436 3.9280 1.8796
A2W5BVSBD1G08A,3H7XDTSHKDZN9E26UQPPWH1AA1NWGL,3421H3BM9APJ10H5JJVYQQQUJDC9JC,0 0 1 1 0 1 1 0 0 0,501,0 0 1 1 0 1 1 1 1 0,16 32 99 63 41 46 35 87 55 27,117.5170,36.0880,0,5.3110 2.9860 8.5250 4.8430 2.9600 16.3300 2.5410 9.4070 9.4520 1.9750
A3SLD48UHZON45,3RXCAC0YISXCJD6OWN9JI1YOSUL8GJ,3421H3BM9APJ10H5JJVYQQQUJDC9JC,1 0 1 1 1 0 1 0 1 1,531,1 0 1 1 1 0 1 1 1 1,61 43 71 26 96 6 58 84 15 71,87.8198,25.1682,0,6.4286 8.4800 1.7758 2.1280 1.1038 1.5037 0.8638 1.0559 1.3680 1.0234
A18WSAKX5YN2FB,3Z3ZLGNNSJ2HV5UWN2JZLYUFIV2Q34,3421H3BM9APJ10H5JJVYQQQUJDC9JC,0 0 0 1 1 1 1 0 1 1,484,0 1 0 1 0 1 1 0 1 1,18 16 66 22 10 39 79 88 53 93,3.6743,45.4567,2,9.2090 5.2485 4.0796 2.9436 2.1122 0.9754 1.9282 1.7357 1.8491 1.4241
AW02W1A865GT4,3KB8R4ZV1FFVLB4VZZTT93OP006GBQ,3421H3BM9APJ10H5JJVYQQQUJDC9JC,0 1 0 1 1 0 1 0 1 0,395,0 1 0 1 0 0 1 1 1 0,45 78 30 10 4 48 19 27 57 77,59.8660,27.4330,0,4.8000 3.8120 11.7170 19.8550 1.3200 0.9680 1.1310 2.1940 3.4380 1.6570
A233TTEFFKGIVA,3QILPRALQ63IT5NAJRME8L7LT67N86,3421H3BM9APJ10H5JJVYQQQUJDC9JC,1 0 1 0 0 1 0 0 0 0,466,1 0 1 1 1 1 1 1 1 1,98 21 68 76 14 41 80 3 53 12,66.7270,75.1670,1,16.8070 3.1320 7.1380 21.4310 3.8820 2.7780 2.1640 3.0510 3.8000 3.1720
A1RG0WRPSK5BAV,3MB8LZR5BG1C06MQG332LYCNJB1LKL,3421H3BM9APJ10H5JJVYQQQUJDC9JC,1 0 1 1 1 0 0 1 0 1,519,0 0 1 1 1 0 1 1 1 1,19 21 99 76 26 95 5 71 52 55,108.8777,72.3450,2,6.1819 3.7338 3.1739 0.7039 0.5923 0.6262 1.3782 0.8321 4.5523 2.0099
A23BQ23YJE0VYL,33L7PJKHCH6GOISUGN8QHKDDIOTT8D,3421H3BM9APJ10H5JJVYQQQUJDC9JC,1 1 0 0 1 1 0 1 0 1,404,1 1 0 0 0 1 0 1 1 1,54 85 70 50 23 51 5 41 11 14,50.2164,26.5118,1,5.8549 11.8954 5.0229 1.2654 1.8438 1.2858 1.5502 0.6264 1.5731 1.2455
A36X88GMB65A9H,3D3VGR7TA1NH769W0H8ZQO4KEH4R36,3421H3BM9APJ10H5JJVYQQQUJDC9JC,1 1 0 0 0 0 0 0 0 1,355,1 1 1 1 0 0 0 0 0 1,55 20 65 20 94 52 24 10 5 10,52.3662,17.3284,0,20.0566 6.2058 2.5439 2.7337 0.7838 1.2717 3.3158 1.3579 4.6179 1.2719
A32NFF6EM31R8P,33LK57MYLUDUTEG20D3DKZEVFEMZSZ,3421H3BM9APJ10H5JJVYQQQUJDC9JC,0 1 0 0 1 0 0 1 0 1,480,1 0 0 1 1 1 0 1 1 1,37 36 40 78 98 58 49 12 19 53,66.4450,88.0160,2,10.0770 9.7800 1.5390 4.3600 1.7790 4.3280 2.3670 2.8500 1.3750 1.1320
A3P7AZ2YH4ICQJ,3CTOC39K38YIA1R6UO2G1EU992X7J0,3421H3BM9APJ10H5JJVYQQQUJDC9JC,0 1 0 1 1 1 0 1 0 0,484,1 0 1 0 1 0 1 0 0 0,36 22 98 33 3 8 61 95 84 44,77.6293,25.1886,0,5.7188 3.4618 3.2420 2.5999 1.0160 0.8201 0.7720 9.7884 2.7419 1.3600
A2PJBSDDN22XIX,379J5II41PO9E6UGKHSZN3ZIZE6ELV,3421H3BM9APJ10H5JJVYQQQUJDC9JC,0 1 0 0 1 1 0 0 0 0,493,1 1 1 1 1 0 1 1 1 0,71 58 24 97 23 16 49 58 80 17,40.4930,37.4040,0,10.4580 3.1390 7.9290 0.9500 0.9930 4.2140 2.0340 1.6990 0.8080 4.2530
A3BN5OJ3VKA6US,3TS1AR6UQRM25Z5ABYBVMG2HGVG7FX,3421H3BM9APJ10H5JJVYQQQUJDC9JC,1 1 0 1 0 1 1 1 1 1,356,1 1 0 1 0 1 0 0 1 1,39 50 83 17 5 8 75 0 2 77,98.0450,75.1120,1,31.7590 6.6000 1.2720 12.7920 4.1760 2.6320 8.8240 6.6240 2.1680 6.1600
A34DYM8J0X5VK,39DD6S19JQJTJVBKZIJ8VIAGENEEZE,3421H3BM9APJ10H5JJVYQQQUJDC9JC,1 0 0 0 0 1 1 1 1 1,483,1 0 1 1 0 1 1 1 0 1,17 1 64 52 35 65 83 54 12 100,112.5030,45.9360,0,14.2340 7.4320 2.6630 2.5830 1.8000 2.1940 4.5110 1.8320 1.9590 1.7910
A1VE1CAMPSYRHE,3LWJHTCVCDUCBHAP7XK1M7JCLL8FQ3,3421H3BM9APJ10H5JJVYQQQUJDC9JC,0 0 0 0 1 0 0 0 0 1,349,0 0 0 0 1 1 1 0 1 1,4 40 58 25 94 43 32 27 22 4,23.6098,23.1523,0,3.0787 2.3919 3.2003 3.0603 1.3719 2.9800 1.6916 1.0917 1.5398 1.4679
APAR2A1F4RB0N,31N2WW6R9SYK4G4N9M859ZQ1BTUF30,3421H3BM9APJ10H5JJVYQQQUJDC9JC,0 0 1 1 0 1 0 0 1 0,416,0 0 1 1 0 1 0 1 0 0,33 6 83 46 32 81 0 47 32 56,18.3822,74.6381,0,10.0673 7.8974 6.1460 3.6379 5.0657 2.3619 3.4639 7.7839 2.9519 1.5679
A2WUSOQWTSNU1S,317HQ483I80BIBZNSDY5LA1ZW2DNIF,3421H3BM9APJ10H5JJVYQQQUJDC9JC,1 0 1 1 1 0 0 0 0 1,517,1 1 1 1 0 0 0 0 0 0,95 1 54 47 28 53 57 86 48 48,60.3145,29.5529,0,6.7581 5.3039 4.8956 4.8397 6.8004 1.6000 5.1597 1.6478 1.3758 1.5597
A38G8EDRTFCS9S,3018Q3ZVOJYHRR8H9WN9DWIQKRXARM,3421H3BM9APJ10H5JJVYQQQUJDC9JC,1 1 0 0 1 1 1 0 1 0,509,1 1 0 1 1 1 0 0 1 1,100 51 13 54 99 81 31 13 67 0,28.5899,56.0510,1,6.6386 10.0601 10.9863 9.9257 5.9004 4.1440 6.8133 3.7296 1.9537 3.8665
A349TSPKFHIWE1,3PQMUDRV7SEJ4AOWVXLDG25IA3JIIU,3421H3BM9APJ10H5JJVYQQQUJDC9JC,0 0 0 1 0 0 1 1 0 1,468,0 1 1 1 0 0 1 1 1 0,46 69 79 62 10 23 72 48 57 2,83.9397,63.9493,1,7.4584 1.7341 11.4697 1.3966 1.0776 1.1090 1.2314 1.1862 3.9206 1.3538
A1QXU4Q3CK75FK,3L70J4KAZHUNQHPCRVSP871M5Q6DAJ,3421H3BM9APJ10H5JJVYQQQUJDC9JC,1 1 1 0 0 1 0 0 1 1,432,1 1 1 0 0 1 0 0 1 0,82 52 18 29 50 81 11 8 83 18,8.9676,55.3455,2,6.8852 2.9215 1.0928 0.9600 0.7090 1.1528 0.7039 4.5777 0.7956 0.7685
A3HE75FVA00JSF,3EF8EXOTT234ZFC458L7043W6GXJ1F,3421H3BM9APJ10H5JJVYQQQUJDC9JC,0 0 1 1 0 0 1 0 1 1,427,1 1 1 0 0 0 1 1 1 0,54 52 1 44 26 37 87 56 58 12,45.4170,20.4410,0,5.4530 2.4640 1.3530 4.0480 1.5840 2.9690 2.1590 0.5680 2.3360 4.1270
A1SJNPTF4T4R4U,39JEC7537V9XDDMW2UOAKOXH50VVC2,3421H3BM9APJ10H5JJVYQQQUJDC9JC,0 1 1 0 1 1 1 0 0 0,338,1 1 0 1 1 0 0 1 0 1,34 35 21 31 63 65 42 20 4 23,62.0052,44.1679,1,8.3943 1.1696 1.0588 1.0626 3.1888 1.4115 1.1126 1.4537 2.4294 1.5960
AIW4PP6409ET8,3TXMY6UCAFW585QFGVU0E1Y9O8GQC3,3421H3BM9APJ10H5JJVYQQQUJDC9JC,0 1 0 0 1 1 0 1 0 1,484,0 1 0 1 1 1 0 0 0 1,86 68 47 87 20 0 46 66 25 39,59.2314,32.9169,1,6.8531 4.1149 3.6679 3.3641 2.4922 1.5447 2.2386 0.9679 0.8112 1.1389
A36PRVA7D0YNHH,3OE22WJIGJW1UZ7F2MF087KFV8NQUD,3421H3BM9APJ10H5JJVYQQQUJDC9JC,1 1 0 1 0 0 1 1 0 0,519,1 0 1 0 1 1 1 1 0 0,100 72 34 23 71 30 54 22 44 69,42.3417,53.8613,1,8.2564 4.0090 1.6261 7.3490 0.7096 0.7294 2.8585 1.4271 0.7866 0.8192
A20HL4RSJ88TD8,3WYP994K18ZP1Q80XEYR5N91RVN6YV,3421H3BM9APJ10H5JJVYQQQUJDC9JC,0 0 0 1 1 0 1 0 0 0,525,0 1 1 0 1 1 1 1 0 1,28 39 82 11 34 54 93 52 40 92,53.6870,34.0760,1,2.9280 4.9420 0.8800 1.7000 0.6680 2.4370 2.2830 2.2210 0.7680 0.8320
A2MUIT2O917CH2,392CY0QWG2ZPW3PHA8J9M1VZ5LJ4I2,3421H3BM9APJ10H5JJVYQQQUJDC9JC,0 1 1 1 1 1 0 0 1 1,552,0 1 1 1 1 1 0 1 1 1,21 67 65 65 17 100 29 10 82 96,67.6798,29.7420,1,4.7016 3.3044 2.2399 1.7282 0.9207 3.7032 3.4644 0.8722 1.3206 0.8328
AA4ZGXQW83KSU,3BGYGHDBBYSBI4WSHRFT66RKWBQ22T,3421H3BM9APJ10H5JJVYQQQUJDC9JC,0 0 1 0 1 0 1 0 0 1,551,0 0 1 1 1 0 1 1 1 1,76 27 72 53 40 29 79 32 58 85,38.2903,30.5473,1,7.5092 5.0442 3.8427 2.8894 1.9793 4.0880 0.4215 0.7665 0.4365 0.6361
AF2RVFRGP7GXX,3SNLUL3WO5VQ32R2AH74RLLLL20LUJ,3421H3BM9APJ10H5JJVYQQQUJDC9JC,0 0 0 1 1 1 0 1 0 0,402,1 0 0 0 1 1 1 0 1 1,16 46 20 5 58 75 45 24 46 67,601.2055,52.6495,2,7.7207 2.0875 2.0715 1.6242 0.7260 1.2474 1.2992 0.7740 0.8503 1.0658
A2CT7HTG5SKGJ5,3V0Z7YWSIZ8KFVUU51Z48BOVT9J2V1,3421H3BM9APJ10H5JJVYQQQUJDC9JC,1 1 1 1 0 1 1 0 0 1,518,1 0 1 1 1 1 1 1 1 1,43 27 78 32 72 56 74 58 56 22,10.8960,19.6220,1,5.8090 3.1650 0.7090 0.4560 0.8180 0.8560 0.6540 0.4700 1.9980 0.6840
A2MEZ3IXRFNT0E,31QTRG6Q2ULXBWQ5CAX0BN0IM0CYPS,3421H3BM9APJ10H5JJVYQQQUJDC9JC,0 0 0 0 0 1 0 1 1 1,435,0 0 1 0 0 0 1 0 0 1,94 17 37 37 19 44 15 32 92 48,81.3786,31.3602,0,6.3831 2.2317 5.9517 2.5839 4.1918 1.8801 1.4798 4.7120 2.8077 2.7519
A1G5UODTVW13MM,36TFCYNS45IGYA27O13TJ0RIY39HX1,3421H3BM9APJ10H5JJVYQQQUJDC9JC,1 1 1 0 1 0 0 1 1 0,597,1 1 0 0 1 0 1 0 1 1,71 86 88 42 39 6 75 90 50 50,82.3720,47.3097,0,6.1905 3.1693 1.6663 4.3460 2.0001 1.0890 1.6919 1.3730 3.5427 1.9384
A1LVYEU1MRRDID,3HL8HNGX4696JIT3QV9F0CTNBL5F9I,3421H3BM9APJ10H5JJVYQQQUJDC9JC,1 1 0 0 1 1 1 1 1 1,409,1 1 0 0 1 0 1 0 1 0,50 2 95 1 45 59 29 4 98 26,83.3530,24.7570,0,5.6340 3.4000 4.9720 3.7860 1.7030 3.3840 1.5250 1.8240 1.9620 1.6510
A1GKOXB766FPYV,3LRKMWOKB6P1OFZ46YO7TH1RHKP2Z1,3421H3BM9APJ10H5JJVYQQQUJDC9JC,0 1 1 0 0 1 0 0 1 1,349,0 0 1 0 1 1 1 0 1 1,19 10 14 2 42 72 35 18 63 74,56.8982,32.7797,0,4.5761 1.3260 0.8394 3.3769 1.9602 1.6445 2.2937 2.0170 2.6790 2.3673
A3FY7A6Z3EVNRX,31UV0MXWNRK7SMTHOD2JRT1D5HE5I8,3421H3BM9APJ10H5JJVYQQQUJDC9JC,0 0 1 1 1 1 0 1 0 1,341,0 0 1 1 0 1 0 0 0 0,49 27 73 14 40 8 47 20 23 40,43.9630,23.2290,0,5.0080 3.6630 2.4250 2.9440 3.4550 2.1080 4.0550 2.1360 1.2720 1.7030
A309BLCQJHQULO,3SEPORI8WO7QTIU8JDHMZZKPT8HAZG,3421H3BM9APJ10H5JJVYQQQUJDC9JC,0 0 1 1 0 1 0 1 0 0,479,0 0 1 0 1 1 1 0 1 0,40 22 39 82 52 57 92 51 24 20,72.9439,25.8346,0,15.9602 4.6434 2.9239 3.9114 14.3443 3.2859 2.4526 1.9056 3.4708 2.3293
A2HM35CWB7IIFM,3C8HJ7UOP82RVJ3XGG7R8QFPNP6MZC,3421H3BM9APJ10H5JJVYQQQUJDC9JC,1 1 0 0 1 0 1 1 1 1,540,1 0 0 0 1 1 1 1 1 1,17 44 53 27 56 62 94 64 68 55,63.0706,22.3929,0,9.0782 15.2479 12.5604 4.9284 4.3041 8.8640 7.5279 2.3998 1.9597 4.1439
AXTFSJDN2YLO5,3I0BTBYZAYTUNFMLVPIAWMZAES1Y0M,3421H3BM9APJ10H5JJVYQQQUJDC9JC,1 1 1 1 1 0 0 1 1 1,414,1 1 1 1 1 0 0 1 0 1,37 92 38 6 50 23 5 26 56 81,64.4113,64.9433,2,16.5973 5.2019 0.9967 2.1558 6.3340 3.3360 1.8777 2.7765 2.2122 2.5435
A1O4W7F05T6HY0,3VSOLARPKCHB36DA608DZ34Q8V1934,3421H3BM9APJ10H5JJVYQQQUJDC9JC,0 1 0 0 1 0 1 1 0 0,564,1 1 0 0 1 0 1 1 0 0,59 91 72 78 77 30 39 41 16 61,6.6213,61.6081,1,5.9496 1.2628 1.1691 0.5936 1.4312 0.7781 0.5104 0.5726 0.6989 1.0327
A13DD9WSQZ2D2M,3UN61F00HXXKLLW0E0WS5L24SDXR5Y,3421H3BM9APJ10H5JJVYQQQUJDC9JC,0 1 0 1 0 1 1 1 0 1,513,1 1 1 1 0 1 1 1 0 1,69 89 1 5 25 95 85 80 39 25,4.3433,37.9838,1,6.2075 3.9035 2.1828 1.2708 2.0934 2.4864 1.4398 1.0793 1.5977 0.7437
A311K1G5AP6FRA,3ZDAD0O1T2L63JT2OVKIXJU69X4TXN,3421H3BM9APJ10H5JJVYQQQUJDC9JC,0 1 1 1 0 1 1 1 0 1,613,0 1 1 1 0 1 1 1 1 1,67 84 83 8 24 70 63 79 54 81,55.2104,20.4266,0,6.4907 4.2775 4.7020 4.6239 8.2901 4.6320 2.1000 2.2719 2.2739 1.6917
A3QIWHREBINC1Z,3WYGZ5XF3XNZ4JHG0C03XKQIB5BSK8,3421H3BM9APJ10H5JJVYQQQUJDC9JC,0 1 0 0 1 1 1 1 1 0,626,0 1 1 1 1 1 1 0 0 1,41 54 96 66 73 99 32 87 0 78,54.3978,336.6746,1,12.9419 21.0516 8.2855 6.2557 9.9118 5.0037 2.6258 3.5865 5.5979 1.5000
A2BX8RJDS9GYZ1,3NXNZ5RS1B5T4PEX8CB3CKG6DXN797,3421H3BM9APJ10H5JJVYQQQUJDC9JC,0 1 0 0 0 0 1 1 1 1,459,0 1 0 1 0 0 1 1 1 1,48 74 16 0 40 42 55 50 49 85,99.9197,34.3984,0,9.5009 3.9594 6.9299 2.3497 4.1711 4.4999 3.4139 1.5160 7.4435 4.9541
A2ROSI29CVVKGO,3FFJ6VRIL2W8XF7GR7W7AY5MO94I01,3421H3BM9APJ10H5JJVYQQQUJDC9JC,1 0 1 1 1 1 1 0 0 1,707,1 1 1 1 0 0 0 0 0 0,85 84 78 9 90 72 24 95 96 74,4.7986,39.2061,1,9.7919 3.5800 2.1112 1.5651 2.1730 1.2900 0.5060 0.9340 0.4940 0.4539
A1PMK4HE9UYJ1J,3Z9WI9EOZ0WAEA30PIO4T6JG2UVHKD,3421H3BM9APJ10H5JJVYQQQUJDC9JC,0 0 1 0 1 1 1 0 1 1,546,0 0 1 1 1 1 0 1 1 1,67 33 50 67 69 38 29 47 64 82,70.7822,36.0493,0,9.1469 7.2352 2.8072 5.3082 3.1154 1.4674 1.3073 1.0905 1.7560 2.2852
ARAAV1GIBXYWO,3OS4RQUCRANP7B80OFNBRIODZL9FBT,3421H3BM9APJ10H5JJVYQQQUJDC9JC,0 0 0 1 1 1 1 0 0 1,436,0 0 0 1 1 1 0 0 1 1,38 63 21 70 53 6 42 47 92 4,58.4850,73.6950,0,6.4150 9.9600 3.5840 1.8630 1.0160 4.9580 5.8320 1.6480 1.0640 7.4260
A101U3FTZYY87V,3EJJQNKU9SDW1EGVF2X1UI5UXMPHR6,3421H3BM9APJ10H5JJVYQQQUJDC9JC,0 1 0 1 0 1 1 1 0 1,546,0 1 0 1 1 1 1 1 1 1,46 89 18 79 25 32 100 58 82 17,82.8106,63.6246,0,7.0108 5.2863 8.4305 1.1265 3.5475 1.7036 1.5705 0.6485 2.7313 0.8912
A34P1UTHMRAAL1,3WZ36BJEV4OZQGQ1JZS08M3EQUHTBF,3421H3BM9APJ10H5JJVYQQQUJDC9JC,1 1 1 1 1 0 1 1 0 0,434,1 1 1 1 1 1 1 1 0 0,56 1 43 44 100 12 56 24 65 33,74.1680,25.7930,0,5.9250 2.3830 1.0630 2.2580 2.3040 2.3260 1.2390 4.0400 1.4960 0.9840
A3VV3K3NYJ2906,3Y4W8Q93L0S7I5SA2QJL4UFZQ09DVM,3421H3BM9APJ10H5JJVYQQQUJDC9JC,0 1 0 0 1 0 1 0 0 0,463,0 1 0 0 1 0 1 1 0 1,28 45 78 75 94 22 23 30 38 30,66.9460,62.3870,2,6.5500 4.7360 4.5640 9.8150 6.3490 3.8790 2.2000 5.8770 2.5110 3.9800
A4GGV17IG8W5C,3A1PQ49WVIP889HEH8IMORNHTOW1HV,3421H3BM9APJ10H5JJVYQQQUJDC9JC,0 1 0 1 1 1 0 1 0 1,459,1 0 0 1 1 0 0 1 1 1,93 29 29 50 2 14 23 89 93 37,4.3611,30.9463,0,8.4572 2.7710 2.3351 2.4116 2.7378 0.8537 0.7663 0.3566 0.5572 0.6175
A1SM0IKQ4OTSCI,3AWETUDC9305Z0D6V19ZGX886GNZIA,3421H3BM9APJ10H5JJVYQQQUJDC9JC,0 1 0 1 1 0 1 1 0 0,233,0 1 0 0 1 0 1 0 0 0,10 27 4 42 28 29 4 28 44 17,91.2550,57.7540,0,12.3000 17.2540 10.1840 12.6900 4.2610 5.4810 4.2940 3.6640 6.1800 2.4410
AYSVWWJUD9UH6,3WR9XG3T64JS7J8LRHFCVC5QR5A74C,3421H3BM9APJ10H5JJVYQQQUJDC9JC,0 0 0 1 1 0 1 1 0 1,436,0 0 1 0 1 1 1 1 0 1,75 24 12 6 66 0 83 89 28 53,52.3838,34.2080,1,7.0796 69.6531 4.5730 2.1066 1.4188 4.2611 2.0536 1.5786 0.9427 0.8715
AUNIWULXYF7OH,3R6BYFZZP8KWKEB1TBFTGFF5IOYFX3,3421H3BM9APJ10H5JJVYQQQUJDC9JC,0 1 0 0 1 0 1 1 1 0,435,0 1 0 0 0 1 1 1 1 1,5 86 32 34 86 5 13 73 47 54,119.9338,36.9166,0,10.9451 12.5547 7.2880 13.3148 12.9912 12.1334 4.2845 6.1919 3.7232 16.2363
AD1ILDUXZHASF,39O5D9O87U0D14KDIKI41T5YEG53CG,3421H3BM9APJ10H5JJVYQQQUJDC9JC,0 0 1 0 0 0 1 0 0 1,562,0 1 1 1 1 1 1 1 1 1,6 27 14 78 9 75 95 74 100 84,12.4027,50.4532,2,32.6230 18.1122 2.5159 2.2553 0.9575 0.7838 0.7352 0.7843 0.8046 0.6782
A1IAMNSZB9U4Z1,3MTMREQS4WQMZNP38QXF0VQ7C6FAWS,3421H3BM9APJ10H5JJVYQQQUJDC9JC,1 1 1 1 1 1 0 0 0 0,312,0 0 0 0 0 0 1 1 0 0,39 56 50 88 0 17 13 4 28 17,98.2394,87.1732,0,5.3317 3.7872 2.5645 3.8101 1.4855 1.2899 2.5650 3.4200 1.1324 1.3952
A1WZBK5PRHBW3H,3R8YZBNQ9IQZWOVJPEMPYF6VNXSQ7D,3421H3BM9APJ10H5JJVYQQQUJDC9JC,0 1 1 1 0 0 0 1 0 1,532,0 1 1 1 0 0 0 1 0 1,19 81 27 95 24 28 37 92 34 95,39.0548,62.0474,1,9.1995 5.4318 1.5760 1.3038 1.9277 1.0718 7.5280 1.2561 0.9918 1.1917
A1IFIK8J49WBER,3PPTZCWALRSIGY1P89E8PZZUXQ5QZ5,3421H3BM9APJ10H5JJVYQQQUJDC9JC,1 0 0 1 1 1 0 0 1 0,725,1 0 0 1 1 1 1 0 1 1,94 95 62 84 98 60 63 16 60 93,90.2516,41.6506,0,6.5609 3.9975 1.4043 2.8618 4.3880 2.7713 2.3279 1.1518 1.2878 2.2478
A002160837SWJFPIAI7L7,3TE3O85731GSMODDWHUU7EZS838R2Z,3421H3BM9APJ10H5JJVYQQQUJDC9JC,0 1 1 0 1 0 0 1 0 1,426,0 1 0 0 1 1 1 0 1 1,30 0 77 2 97 58 24 21 47 70,158.3329,54.7427,0,4.2094 3.3256 0.5279 0.5619 0.7264 0.7238 0.4320 1.8414 1.6336 2.0315
A1A8VMLJFFGCB6,3LRKMWOKB6P1OFZ46YO7TH1RHKRZ20,3421H3BM9APJ10H5JJVYQQQUJDC9JC,1 0 1 0 1 1 1 1 0 1,471,1 0 1 0 0 1 0 0 0 1,60 80 53 47 28 22 67 14 20 80,56.7611,56.7604,1,10.5543 2.5975 1.8074 5.4272 2.2515 1.7313 2.6095 4.5911 2.3772 5.1692
A19WXHQSBB6P6O,33CUSNVVNOKXQY06DPXVQOHQ4BD888,3421H3BM9APJ10H5JJVYQQQUJDC9JC,0 0 0 0 1 0 0 0 1 1,395,1 0 1 0 1 1 1 1 1 1,8 8 45 7 49 65 98 67 39 9,43.3868,27.5050,0,5.5093 1.9597 4.1921 1.8079 0.7357 0.9200 0.7840 0.6153 0.5916 2.0077
AOS2PVHT2HYTL,3PS7W85Z80AG2NB4LFE4HG8O2UG9TN,3421H3BM9APJ10H5JJVYQQQUJDC9JC,0 0 0 0 0 1 0 1 1 0,548,1 1 1 1 0 1 1 1 1 1,79 45 96 13 36 42 17 92 62 66,136.5946,30.1606,0,10.2829 5.1432 4.3269 2.6738 2.6171 4.6168 3.2278 3.0681 3.6299 3.3396
A3HOBJ4PJUOCUN,3KXIR214I5OLLIBFL5YHZLOIGPP24S,3421H3BM9APJ10H5JJVYQQQUJDC9JC,1 0 1 1 1 1 1 1 1 0,469,1 1 0 1 1 1 1 1 0 1,87 12 12 42 83 57 74 23 29 50,46.6394,22.9959,0,6.9627 7.8129 8.3494 4.8158 5.2033 3.2780 2.6389 2.9218 2.9514 3.0738
AGS3G0AT438E7,3N2BF7Y2VR254Y33AU1K8JBKRZRMHO,3421H3BM9APJ10H5JJVYQQQUJDC9JC,1 1 1 0 0 0 1 0 0 0,553,1 1 1 1 1 1 1 1 1 1,44 99 74 53 43 38 45 70 4 83,505.8733,78.0420,1,6.1563 2.4993 0.7167 3.6547 1.7661 2.3137 1.3886 2.6179 1.4481 2.1317
A3CPQP08A6J09F,3PZDLQMM0UTOGMOUEK4ZIJ068262C5,3421H3BM9APJ10H5JJVYQQQUJDC9JC,0 1 0 1 0 1 1 0 0 1,359,1 0 0 0 1 1 0 1 1 1,18 38 1 38 66 87 8 71 11 21,94.4044,97.5760,0,21.6665 7.4926 3.6788 3.1162 2.6549 3.0937 2.2050 2.2726 1.5976 4.7703
A2JPOXYZM5AJZZ,3S96KQ6I9NCS5DOLXVJ63CRETFVDT8,3421H3BM9APJ10H5JJVYQQQUJDC9JC,1 1 1 0 0 0 0 1 1 0,510,1 1 1 0 0 0 0 1 1 0,85 47 23 28 43 49 97 58 37 43,50.0721,32.9099,0,6.3987 3.4876 1.8113 1.2548 1.1258 0.9360 2.7231 2.1720 1.1242 0.9831
A22WWSTT8TU7G1,3CFJTT4SXUYMFQ70C6HGPDF9WNCI73,3421H3BM9APJ10H5JJVYQQQUJDC9JC,0 0 1 1 0 0 0 1 0 1,441,1 0 0 1 1 1 1 1 1 1,8 21 4 72 70 41 87 87 44 7,3.3707,15.8495,0,2.3447 0.5437 0.7755 0.5201 0.6799 0.6559 0.6160 0.6077 0.6398 0.7601
A24UW5LJPVNWA9,3G2UL9A02EM6M6CZA58RSAP4NWH67X,3421H3BM9APJ10H5JJVYQQQUJDC9JC,0 0 1 1 0 0 1 0 0 1,413,0 0 0 1 0 1 1 0 0 1,86 26 37 44 33 86 6 44 27 24,108.1072,33.3537,0,18.8749 3.2175 11.6851 1.5328 6.0197 10.3484 1.8735 1.3765 2.1751 2.7899
A3MOHY42B7HDWU,3B837J3LDP4LRNUBQW90YWCW6X8SR4,3421H3BM9APJ10H5JJVYQQQUJDC9JC,0 0 1 1 1 1 1 1 0 0,278,0 0 0 0 0 0 0 0 0 0,18 0 47 33 38 47 36 22 36 1,11.0094,42.9887,0,9.5350 4.7598 7.1072 5.1716 3.9464 4.2478 3.7074 3.7662 3.4692 3.7692
A7EP5KKL8YQPX,3SUWZRL0MZLRVLR9XDMXYKHL9JLE6R,3421H3BM9APJ10H5JJVYQQQUJDC9JC,0 0 0 0 0 0 1 1 1 1,292,0 0 1 0 0 0 1 0 1 1,12 50 14 6 13 42 15 9 67 64,160.6378,25.4936,0,8.4566 11.0813 1.4174 0.5402 3.2062 0.8886 4.0051 1.5638 1.5187 4.2413
A1GRPIBHW72HDU,32Z9ZLUT1MST41OFNAGX0N0PMZ7OH6,3421H3BM9APJ10H5JJVYQQQUJDC9JC,0 1 1 1 0 0 0 1 1 1,616,0 1 0 1 1 0 0 0 0 1,82 45 33 80 23 91 51 84 62 65,18.2830,22.1530,0,2.2640 0.9730 1.0160 0.7410 1.7250 0.9230 1.0560 1.6010 1.4050 3.1720
A11BSFO4LMHPXQ,3VW6495TLK8RKAI63XTJOETUQ5JYYQ,3421H3BM9APJ10H5JJVYQQQUJDC9JC,1 0 1 1 0 1 1 1 1 0,509,1 0 1 1 0 0 1 1 1 1,61 91 81 56 50 17 47 17 75 14,73.5810,23.6280,1,3.8270 1.9790 1.2360 26.0800 2.5620 1.8900 1.7700 1.5130 2.0530 2.1600
A8289AEOKHKV4,3ND9UOO81LA3V6G75HM5996I6IFWLX,3421H3BM9APJ10H5JJVYQQQUJDC9JC,1 0 0 0 0 0 1 1 0 1,506,1 0 0 1 0 1 1 1 0 1,82 94 47 44 34 18 12 93 13 69,36.4350,42.1851,0,4.8520 2.3616 4.8718 3.4602 1.5878 1.1323 1.1079 2.8842 1.5877 3.5563
A3S1DILZ70PXC,3WI0P0II620FPYBTT6EB3XQW5UYRD9,3421H3BM9APJ10H5JJVYQQQUJDC9JC,1 0 1 0 0 1 1 0 1 1,492,1 0 0 0 0 1 1 1 1 1,24 43 40 20 86 72 61 72 4 70,78.0980,59.2960,0,6.3590 4.3599 7.0317 4.3278 5.3907 4.1289 1.7359 4.0628 1.6559 5.7611
A3P3446JDIIKQY,3EKVH9QMEZCYLEU8EGZA2PIOT2J2D6,3421H3BM9APJ10H5JJVYQQQUJDC9JC,1 1 1 0 1 1 1 1 1 1,501,0 1 1 1 1 0 0 1 0 1,50 58 86 80 64 98 52 9 4 0,10.7586,53.7225,1,13.1051 1.4549 1.6960 5.1392 1.1047 0.8335 0.9534 0.8247 0.7873 1.0022
A317RA15E0SZ4P,3T3IWE1XG7VMUMSQ2HPQ3BYDCUKTQT,3421H3BM9APJ10H5JJVYQQQUJDC9JC,1 0 0 1 0 0 0 1 1 0,374,1 0 0 0 0 0 0 0 0 0,27 50 40 21 31 68 17 30 89 1,76.0980,27.8656,0,17.0358 13.1827 11.4215 8.7251 10.0802 3.4328 3.0468 5.5458 12.1659 3.9139
A2VNSNAN1LZBAM,35L9RVQFCPQOH68CJWS6ZTSE4LVUHP,3421H3BM9APJ10H5JJVYQQQUJDC9JC,1 1 1 1 0 1 0 1 0 1,513,1 1 1 1 1 0 1 1 1 1,89 4 23 17 78 22 63 68 58 91,62.2937,37.3310,0,7.7753 7.1957 4.5771 3.7529 5.7985 3.2752 3.3916 3.8487 2.4432 2.8840
A20JVRNN0C4H12,3SB4CE2TJW31ONUTIVT12E4EL8MXA9,3421H3BM9APJ10H5JJVYQQQUJDC9JC,1 0 1 0 0 0 1 0 0 1,409,1 0 1 0 0 0 1 0 0 1,14 48 34 30 40 94 83 18 29 19,10.2170,36.9190,2,7.7810 5.7520 4.1600 1.7910 2.6970 1.3110 0.8640 0.9120 0.7920 0.9040
A1UUSM4E3E5BIF,3QFUFYSY9ZN5MCNR90DOJ4I7PTV4FF,3421H3BM9APJ10H5JJVYQQQUJDC9JC,1 0 1 0 1 0 0 0 0 0,489,1 0 1 1 1 1 1 0 0 1,41 28 37 66 81 65 0 94 23 54,79.4584,21.1803,0,9.1891 18.6059 7.0963 11.6924 9.5020 20.0440 7.1995 5.5278 5.7377 4.9780
A105ZUIAGMN8SW,3LWJHTCVCDUCBHAP7XK1M7JCLLDFQ8,3421H3BM9APJ10H5JJVYQQQUJDC9JC,0 1 0 0 1 1 1 0 0 0,463,0 1 1 0 1 1 1 1 1 1,15 65 44 33 33 81 44 73 66 9,37.5270,15.8906,0,5.6318 2.2418 1.9778 1.5210 0.5436 1.2319 0.9295 1.1357 0.5280 0.4635
A16184N1RO5OJV,3KMS4QQVK3YQ0ECUUS04QL73MFLFKG,3421H3BM9APJ10H5JJVYQQQUJDC9JC,0 1 0 1 1 0 0 1 1 0,454,0 1 1 0 0 0 0 1 0 1,18 35 21 96 37 78 34 91 15 29,93.5266,26.8624,0,5.2286 3.7408 2.9143 2.9333 2.0570 1.2662 1.2169 1.3542 7.3732 2.8990
A2APLCDM5WB4D,3TEM0PF1Q65RP4RUZTVWJ1P9W4ZD0X,3421H3BM9APJ10H5JJVYQQQUJDC9JC,0 1 0 0 0 1 0 0 0 0,517,0 1 0 0 0 1 0 1 0 0,26 90 87 30 20 27 89 57 46 45,89.7166,44.0972,0,3.9185 2.6079 3.7283 6.1236 3.4661 1.6919 2.4599 1.6706 1.5306 2.9583
ADTYPTCW8QUQ8,3YHH42UU5CNANGFMCATK2EXE5D1L0L,3421H3BM9APJ10H5JJVYQQQUJDC9JC,1 1 0 1 0 1 1 0 0 1,630,1 1 0 1 1 1 1 1 1 1,29 42 20 98 75 93 59 53 88 73,55.2929,32.9034,1,18.0777 3.7756 5.1439 1.0638 0.9678 2.3678 0.9600 0.8880 0.7518 0.5519
A24NKUCAX1LURL,3QEMNNSB2Y757FREKSG5YGZW4I5D7X,3421H3BM9APJ10H5JJVYQQQUJDC9JC,1 1 1 0 1 1 1 1 1 0,474,1 0 1 0 1 0 1 1 0 0,30 42 64 60 61 37 95 43 5 37,74.2146,126.2551,1,5.9000 3.3516 2.2406 0.6403 0.7762 0.8880 0.6076 0.5754 0.7758 0.8639
A226PPE8EN1W8M,37Z929RLGAGY7273ULEVYBDEUI6STI,3421H3BM9APJ10H5JJVYQQQUJDC9JC,0 1 1 0 1 1 1 0 0 0,290,0 1 1 0 1 1 1 0 0 0,26 38 0 0 43 48 26 10 70 29,29.4993,39.3629,2,8.2977 2.3485 2.0656 2.2879 3.9393 2.2929 1.9643 1.2742 1.0124 1.9565
A2OATZCX1YXE77,3QECW5O0KI9X109SIP1N503MGYYT5H,3421H3BM9APJ10H5JJVYQQQUJDC9JC,1 1 1 0 1 0 0 1 1 1,546,1 1 1 0 1 0 0 1 1 1,72 52 57 71 62 94 38 5 63 32,31.2641,29.0041,0,5.5526 1.4174 2.9363 1.9798 0.9453 3.0598 1.1812 1.0689 1.8673 1.0687
A17T6TVHCLK3MH,3IFS6Q0HJJR8YORS09FRK4B5J1QISR,3421H3BM9APJ10H5JJVYQQQUJDC9JC,0 0 0 1 0 0 1 1 1 1,364,0 1 1 1 1 0 1 1 1 1,0 68 60 53 8 8 70 0 35 62,112.7000,100.5930,0,6.9270 2.2320 1.9770 2.6830 3.6730 1.0720 1.9840 1.0340 1.5190 1.8240
AASVJZBUBS5AB,3R3YRB5GRGB97J0YDQIEI75ARQ6UAF,3421H3BM9APJ10H5JJVYQQQUJDC9JC,1 0 1 0 1 0 0 0 0 1,332,1 0 1 1 1 0 1 0 1 1,95 18 57 10 53 36 35 20 0 8,27.3986,33.4702,1,17.0141 4.4060 3.4317 3.5412 4.6655 0.9554 7.0421 3.6582 1.4619 3.1293
A98E8M4QLI9RS,3VW6495TLK8RKAI63XTJOETUQ5KYYR,3421H3BM9APJ10H5JJVYQQQUJDC9JC,0 1 0 1 1 1 0 0 0 1,559,0 1 1 1 1 1 1 1 0 1,1 71 77 67 71 48 73 71 38 42,88.7990,25.1470,0,6.5877 4.4176 7.7125 2.5700 1.2659 1.9236 1.9638 2.0193 0.9296 0.8740
A1NGABF082HR2P,338JKRMM27742XUEDRBFZSGKXI4HA1,3421H3BM9APJ10H5JJVYQQQUJDC9JC,1 0 1 1 0 0 0 1 1 1,434,1 0 1 1 0 0 0 1 1 1,92 71 18 15 11 43 40 21 80 43,376.1620,36.8990,1,7.0270 3.3420 29.1330 6.9910 3.7470 1.9120 2.3190 1.4600 4.1080 2.1990
A24LB89P1BPKKF,3XUHV3NRVL67WRIXIVKYRH0Y543H5V,3421H3BM9APJ10H5JJVYQQQUJDC9JC,0 0 1 1 1 1 0 1 1 1,481,1 0 0 1 1 1 0 1 1 0,41 36 49 72 42 78 36 56 70 1,95.3605,20.4847,0,47.1733 4.0638 1.7516 0.9591 0.6627 1.6037 0.7841 3.5745 20.3191 6.2717
ABKPEX0E9W2HW,3K3R2QNK8CBV20QTLK4EMCUQL8OU90,3421H3BM9APJ10H5JJVYQQQUJDC9JC,1 0 1 0 1 0 0 1 1 0,373,1 0 1 0 1 0 0 1 1 1,19 3 59 91 48 16 5 40 80 12,246.8022,26.2603,0,20.3242 1.8946 1.8100 3.9532 8.2998 4.1837 3.2934 1.2227 1.3171 2.5421
AY52II1OC5RZ1,3Y4W8Q93L0S7I5SA2QJL4UFZQ0CVD7,3421H3BM9APJ10H5JJVYQQQUJDC9JC,1 0 0 1 1 0 0 0 0 0,630,0 1 1 1 1 0 1 1 1 1,67 96 96 39 37 8 76 64 67 80,68.0653,23.0208,0,9.1384 4.5443 18.1000 5.8272 2.6245 5.0005 0.6240 0.5440 3.0235 1.5931
A1LTV9MGGQCIT3,3C5W7UE9CGY2QO3IFYJ6B5ZEFPCXMU,3421H3BM9APJ10H5JJVYQQQUJDC9JC,0 1 1 0 1 0 1 1 0 0,616,0 1 1 0 1 0 1 0 0 0,76 80 90 9 99 36 94 75 13 44,60.8572,83.5488,1,6.6709 6.5995 5.6958 20.0553 6.4077 5.1437 3.1357 10.4395 2.9281 3.1598
A19FK7GYFAQ7G9,39LOEL67OTDBP1U0182ZZ79FOPN83I,3421H3BM9APJ10H5JJVYQQQUJDC9JC,1 0 1 0 1 0 0 1 1 0,443,1 0 1 0 1 0 0 1 1 1,92 43 34 54 2 37 6 39 61 75,56.8490,29.9860,0,7.6840 3.5690 4.0240 1.8240 3.9120 3.6070 1.9680 2.0730 1.9440 2.8080
A291KO368YRYCR,3R9WASFE20OLP9BGUT3ED0VGQOZFZ3,3421H3BM9APJ10H5JJVYQQQUJDC9JC,0 1 1 1 0 0 0 1 1 0,390,1 1 1 1 1 1 1 1 1 1,71 21 3 69 81 27 64 9 42 3,162.5399,26.3273,0,11.9209 5.0257 3.3331 2.3408 3.5183 1.7479 1.5019 0.9335 1.2680 1.3839
A2A7O6KYJ9GS8A,3TOK3KHVJUQWBCI3A1UL9ABV8WDO76,3421H3BM9APJ10H5JJVYQQQUJDC9JC,1 1 0 0 0 0 0 0 1 1,473,1 1 1 1 1 1 1 1 1 1,25 72 89 78 18 35 93 17 8 38,54.2061,47.1913,1,10.6576 3.0475 2.9926 1.1437 1.4158 1.9684 0.9196 0.5675 0.7204 2.6486
A2BKJWXMXTBQ0,3NLZY2D53QXYB9KLT8NZHKOWIH0QLP,3421H3BM9APJ10H5JJVYQQQUJDC9JC,1 0 1 1 1 1 0 0 0 0,595,1 0 0 0 1 0 0 1 1 0,43 76 100 75 59 65 24 72 41 40,18.3918,32.2027,1,5.2185 4.5551 2.4900 2.7062 2.3235 0.7351 1.6051 3.5112 3.0281 1.0888
A1LXV0C5V4RMSC,32Z9ZLUT1MST41OFNAGX0N0PMZ9OH8,3421H3BM9APJ10H5JJVYQQQUJDC9JC,0 1 0 0 0 0 1 1 1 0,509,0 1 1 0 1 1 0 1 1 0,33 83 65 14 56 55 59 66 29 49,66.4908,23.0229,0,3.9904 5.2239 6.1621 1.5606 5.0247 3.2892 5.3904 3.2008 1.8961 3.2837
A2Z5CR0MDIAXIQ,3ZY8KE4ISKB17EWF7CP54TMY9F2QV8,3421H3BM9APJ10H5JJVYQQQUJDC9JC,1 0 1 0 1 0 0 0 0 0,445,1 1 1 0 0 1 1 0 1 1,53 93 15 85 47 11 55 3 31 52,38.4818,44.1997,1,10.9491 2.4477 2.1119 0.8084 1.3201 1.1038 1.0161 1.8558 1.0000 1.2636
A38AF7RJM28PGX,3PZDLQMM0UTOGMOUEK4ZIJ06828C2H,3421H3BM9APJ10H5JJVYQQQUJDC9JC,0 0 0 0 0 0 1 0 1 1,385,1 0 1 0 1 0 0 1 0 0,3 17 72 37 63 31 75 24 50 13,136.6862,43.5428,0,9.2646 10.4361 5.3975 5.5279 3.6370 8.1762 7.7177 3.0922 4.1378 19.8951
AFDC9A6Z60W2Z,324G5B4FB4GB8VQK8GSAJ9FDATY700,3421H3BM9APJ10H5JJVYQQQUJDC9JC,0 0 0 0 0 1 0 0 1 1,516,0 1 1 1 0 1 1 1 1 0,23 99 100 74 26 66 49 55 4 20,54.9613,20.6421,0,3.3805 1.1822 1.0080 0.6804 0.7613 0.7979 0.6810 0.5999 0.6070 0.9924
ATUCZB2W7VVI7,3UXUOQ9OKF5798O20IP38FRQJFA7AR,3421H3BM9APJ10H5JJVYQQQUJDC9JC,1 1 1 0 1 1 0 1 0 0,580,1 1 1 1 1 1 1 1 1 1,43 71 78 93 83 28 15 41 61 67,76.5384,17.8602,0,3.4543 1.2358 2.6026 2.3029 1.1799 0.5547 1.6077 0.5210 0.3231 0.7861
AE0X131JOSOTA,3DR23U6WE6MXXJ2LTQUQ9U9ZTRYET4,3421H3BM9APJ10H5JJVYQQQUJDC9JC,1 0 1 0 1 1 0 1 0 0,444,1 0 1 0 1 0 0 0 0 0,26 67 98 8 20 62 27 5 87 44,145.9908,57.0524,0,62.8191 20.7280 15.7087 9.1697 7.5882 21.5615 7.8699 6.4717 8.9488 6.8612
A2PZ8MVVT6TQJM,3XXU1SWE8N3TRXOIFJ4UT0H3B14A0U,3421H3BM9APJ10H5JJVYQQQUJDC9JC,0 0 0 1 0 1 1 1 0 1,354,0 0 0 0 1 1 1 0 0 0,35 26 45 12 25 80 25 18 21 67,7.4150,33.1922,2,4.1600 2.6000 0.7574 0.8939 0.4803 0.5277 0.4820 0.4238 0.4199 0.4670
A1AF6EW9YUMER9,3QY5DC2MXSS43AH6O646W8G1O6KUFT,3421H3BM9APJ10H5JJVYQQQUJDC9JC,0 1 1 1 0 0 0 1 1 0,623,0 0 0 0 0 1 1 1 1 1,79 46 69 94 49 71 81 81 38 15,290.2949,21.7754,1,7.3177 3.6478 0.7999 1.8558 0.5119 1.4718 0.8958 0.6719 0.4397 0.4083
AZT19Y8A0811M,3WYP994K18ZP1Q80XEYR5N91RVSY6S,3421H3BM9APJ10H5JJVYQQQUJDC9JC,1 1 0 0 1 1 0 1 1 0,575,1 1 1 0 0 0 0 1 1 0,84 67 54 66 25 81 19 9 73 97,61.7290,39.7176,1,5.0950 5.6590 3.2181 1.5448 4.9936 2.2119 2.0118 1.2382 0.8770 1.6844
A2YTQDLACTLIBA,3CTOC39K38YIA1R6UO2G1EU9924J7J,3421H3BM9APJ10H5JJVYQQQUJDC9JC,1 0 0 1 0 1 1 0 0 1,458,1 0 0 1 0 1 1 0 0 1,24 63 21 18 51 91 54 40 94 2,25.7240,77.3404,1,15.5331 4.6582 2.0167 8.2121 1.4448 1.2683 0.9480 1.2330 1.1074 1.6285
A17WS5TP6OPH7R,3CPLWGV3MP7I7A6KOJSS8H2WDCXN93,3421H3BM9APJ10H5JJVYQQQUJDC9JC,0 1 1 0 1 1 0 0 1 1,578,0 1 1 1 1 1 1 0 1 1,19 85 61 83 41 97 14 27 71 80,174.2983,46.6378,0,9.1783 3.5856 4.5940 5.3779 1.9680 2.4120 3.7319 1.3259 1.0318 1.2876
A1EUNZ1PHBHMU0,31QTRG6Q2ULXBWQ5CAX0BN0ITDQYP3,3D3B8GE892ZFNBK3EW0INMC6TNBP98,0 0 0 0 0 0 0 0 0 0,523,1 1 0 1 1 0 0 0 1 1,73 86 69 27 60 23 46 0 56 83,46.0850,91.6556,1,12.2608 4.3758 1.7360 4.9437 3.4639 1.0719 2.4480 0.9519 2.7360 0.9277
A235RE08090NDB,3K772S5NP9J7SABQTWD1VB6BPABEHZ,3D3B8GE892ZFNBK3EW0INMC6TNBP98,0 0 0 0 0 0 0 0 0 0,493,0 1 1 1 1 1 0 1 1 1,13 2 39 95 19 85 40 79 40 81,77.0597,76.9359,0,14.1072 8.4301 1.7832 2.9260 1.2241 2.1169 0.6152 0.9955 0.7753 1.6333
A2RKUDGK5PQ44X,3NC5L260MPU9Q5X9SKSXX2OCDX5FO7,3D3B8GE892ZFNBK3EW0INMC6TNBP98,0 0 0 0 0 0 0 0 0 0,542,0 0 1 1 0 1 0 0 1 1,47 32 61 88 67 67 2 28 65 85,86.7376,63.1015,0,9.6299 3.3439 1.4833 3.2693 1.8602 1.3568 1.5668 1.5512 1.2756 1.6011
A14M4TA8GBR6LM,3PW9OPU9PRS4TJEWYNFF1NHFBIQ12M,3D3B8GE892ZFNBK3EW0INMC6TNBP98,0 0 0 0 0 0 0 0 0 0,470,0 0 1 1 0 1 0 1 1 0,72 16 52 9 17 25 95 96 77 11,26.1281,30.2981,0,5.4401 5.5767 2.1921 1.6718 4.3985 2.6881 3.5932 1.4799 0.9129 1.1196
A2V8B6ISKK4N9P,3FE7TXL1LJVSANYDJ25U2OPNJUHQ25,3D3B8GE892ZFNBK3EW0INMC6TNBP98,0 0 0 0 0 0 0 0 0 0,390,0 0 0 0 0 0 0 0 0 0,18 49 15 24 58 39 100 50 36 1,515.4142,88.9608,0,6.8998 2.7516 0.9758 0.6076 0.9117 0.7121 0.6720 0.5920 0.5039 0.3521
A1JNNP9R3IF17Z,3GNCZX450JVWFES2W4JK81IBQMOAP6,3D3B8GE892ZFNBK3EW0INMC6TNBP98,0 0 0 0 0 0 0 0 0 0,480,0 0 0 0 0 1 0 1 0 1,73 1 91 3 46 27 44 64 96 35,156.0820,31.5320,0,11.3850 6.6950 3.4540 6.7440 1.8160 1.1040 1.6960 1.1360 1.8730 0.9370
A1G5PO0BLQPBJ7,3OUYGIZWR860E1UK42MRJV6YH0C0P5,3D3B8GE892ZFNBK3EW0INMC6TNBP98,0 0 0 0 0 0 0 0 0 0,365,1 0 0 0 0 0 0 0 0 0,32 72 33 36 29 13 5 93 33 19,99.6879,58.2400,0,5.6419 9.7015 4.0922 8.9238 2.8088 1.2409 14.7795 11.0690 0.6860 0.7809
AUHKT6LPP7A8R,3MTMREQS4WQMZNP38QXF0VQ7JJRAW1,3D3B8GE892ZFNBK3EW0INMC6TNBP98,0 0 0 0 0 0 0 0 0 0,526,0 1 0 0 1 1 0 1 1 1,40 39 42 50 59 90 10 34 68 94,121.3565,55.9435,1,14.6791 1.4316 4.6458 1.5640 1.6257 1.3917 1.0434 0.7076 0.6859 2.9101
A2D6QNCAN9X77R,3S3AMIZX3VDBJWMAB9OGE2RAC66DCX,3D3B8GE892ZFNBK3EW0INMC6TNBP98,0 0 0 0 0 0 0 0 0 0,398,1 0 1 0 1 1 1 1 1 1,6 36 50 10 15 32 100 76 56 17,43.6101,29.8614,0,8.9591 3.0082 4.2486 3.4318 1.4641 0.7598 0.7117 0.9039 0.6636 0.6474
A3DY78Q4FCWTXX,3QRYMNZ7FZP1RPFYMPX9ZH38EW8TNE,3D3B8GE892ZFNBK3EW0INMC6TNBP98,0 0 0 0 0 0 0 0 0 0,484,0 1 1 1 1 1 1 1 0 0,9 23 78 86 77 57 39 5 85 25,56.9862,18.3482,0,6.5718 5.3639 2.8450 6.6589 1.7210 6.5930 5.3149 6.1847 1.5099 2.1290
A2QTV4TFK4VCEF,3VP0C6EFSH4P79JMEBAGBSMUPYNM6W,3D3B8GE892ZFNBK3EW0INMC6TNBP98,0 0 0 0 0 0 0 0 0 0,477,0 1 1 1 1 0 1 0 1 1,38 67 79 73 4 34 30 30 86 36,91.1516,28.2723,0,9.4843 2.5560 5.6899 7.6019 7.0180 3.6061 4.6482 2.3519 0.7958 1.0901
AC85RMKH69DOW,35L9RVQFCPQOH68CJWS6ZTSEBY6UHX,3D3B8GE892ZFNBK3EW0INMC6TNBP98,0 0 0 0 0 0 0 0 0 0,379,0 0 0 0 0 0 1 1 0 0,2 98 26 100 5 26 3 62 36 21,75.0660,43.1550,0,11.0700 9.0320 7.5920 9.8270 1.5640 3.5190 1.7430 2.5170 2.0810 4.8840
A1IHI23KH87K5W,3DH6GAKTYZXRP0SBZJV22L2W3CYZYQ,3D3B8GE892ZFNBK3EW0INMC6TNBP98,0 0 0 0 0 0 0 0 0 0,355,0 0 0 0 0 0 0 0 0 0,16 96 20 17 100 1 9 7 47 42,85.8533,65.0066,0,10.9976 8.8435 2.3965 2.4260 1.5313 0.7214 2.3267 0.7069 2.1321 1.1397
A286798DZB9U9O,3907X2AHF1D7ABXYJPQ52JZDEYX2PS,3D3B8GE892ZFNBK3EW0INMC6TNBP98,0 0 0 0 0 0 0 0 0 0,434,0 0 0 0 0 1 1 1 1 1,32 73 67 4 6 62 72 9 85 24,68.4554,64.7604,0,17.2151 31.7199 19.0481 16.2803 15.4239 1.3998 9.0723 4.5040 3.4075 2.3522
A26T17KHYA5S3S,3WSELTNVR4AU76L9DLS4DBJ8FPAATC,3D3B8GE892ZFNBK3EW0INMC6TNBP98,0 0 0 0 0 0 0 0 0 0,416,0 0 0 1 1 1 0 1 1 0,20 31 49 74 46 22 69 74 9 22,63.7830,59.1015,1,8.3450 2.7530 2.5480 2.9473 0.9360 1.7432 1.0723 0.6945 0.9258 0.6826
A3IR7DFEKLLLO,3AWETUDC9305Z0D6V19ZGX88DT1IZ4,3D3B8GE892ZFNBK3EW0INMC6TNBP98,0 0 0 0 0 0 0 0 0 0,556,0 1 0 1 0 0 1 1 0 1,3 29 50 86 75 54 100 75 50 34,52.1990,56.2700,0,3.1410 3.1600 2.8770 1.5830 1.4340 0.7060 0.6680 0.8700 0.6500 0.7140
A139DFNZS0I9RB,3JWH6J9I9TL1V3LHM36OZNXM8P9BN7,3D3B8GE892ZFNBK3EW0INMC6TNBP98,0 0 0 0 0 0 0 0 0 0,415,0 0 0 0 1 0 1 0 1 1,27 49 10 23 45 6 99 23 60 73,6.0493,66.9487,1,5.3010 4.0387 1.3971 4.0417 1.5430 0.8356 0.9218 1.3934 0.8160 0.8757
A2IGPW784OFV3D,3SNVL38CI50JX2SK3QA3IFM0WF5KCJ,3D3B8GE892ZFNBK3EW0INMC6TNBP98,0 0 0 0 0 0 0 0 0 0,443,0 0 0 0 0 0 0 0 0 0,6 82 39 92 11 35 67 45 18 48,3.1016,59.1030,2,1.8127 0.5811 0.5804 0.5208 0.4275 0.4320 0.4798 0.5162 0.5158 0.6038
AP26BNVW9C4FQ,36U2A8VAG27W05TPZISSF6EJZ3NKYR,3D3B8GE892ZFNBK3EW0INMC6TNBP98,0 0 0 0 0 0 0 0 0 0,490,0 1 1 0 1 1 1 1 0 1,50 63 97 40 71 45 68 2 9 45,220.0750,36.9912,1,5.2392 0.6639 1.1039 0.4399 0.7758 4.1197 1.1600 0.9437 0.5281 0.3118
A1OSJTNI18VOKL,35H6S234SB8RZ2YGMCTUUQB833056S,3D3B8GE892ZFNBK3EW0INMC6TNBP98,0 0 0 0 0 0 0 0 0 0,390,0 1 1 1 0 1 1 1 1 1,42 74 38 8 7 50 7 74 39 51,85.7956,39.3999,0,4.5028 4.5837 6.9118 4.1918 0.9278 1.7838 2.5837 2.0318 0.9359 1.1599
A3AYDZLIK17L9K,3YOH7BII0AFFWBYKU75887APHMLVKT,3D3B8GE892ZFNBK3EW0INMC6TNBP98,0 0 0 0 0 0 0 0 0 0,562,0 0 0 0 0 1 0 1 0 0,41 100 8 23 87 96 45 31 59 72,2.7294,32.3361,0,7.7238 3.9597 0.7358 1.6078 0.8321 0.6320 0.5439 0.5840 0.5523 0.5279
A30SESDXNRK4OM,37TRT2X24RZ5CDUW75EW6GG5Z55BJ4,3D3B8GE892ZFNBK3EW0INMC6TNBP98,0 0 0 0 0 0 0 0 0 0,494,0 1 0 0 1 0 1 1 0 1,43 6 97 19 55 61 77 37 37 62,277.7060,312.2855,2,14.5563 15.4956 4.5920 4.3519 4.8478 5.4638 4.1758 4.9279 2.0559 2.7037
AVT0YEI6ESW25,324G5B4FB4GB8VQK8GSAJ9FDH69071,3D3B8GE892ZFNBK3EW0INMC6TNBP98,0 0 0 0 0 0 0 0 0 0,430,0 1 0 0 1 1 1 0 1 1,28 81 59 16 68 63 31 7 54 23,7.1408,37.3762,0,5.9746 2.6158 2.6241 4.2396 0.8798 0.7281 0.6800 0.6159 0.8235 0.9518
ARHM06ZVMD66V,3U8YCDAGXQOLEDVZ4F1GJ0W8MW10QZ,3D3B8GE892ZFNBK3EW0INMC6TNBP98,0 0 0 0 0 0 0 0 0 0,355,0 1 1 0 0 1 0 1 0 1,11 26 5 48 24 84 39 76 13 29,116.8557,32.3622,1,4.8297 3.3130 2.4673 6.8383 3.1494 4.2208 1.9024 1.0114 1.0105 3.7506
A37DANKI01MRVE,3SBEHTYCWOB5UA31ZF7G2QZ67ZZIYF,3D3B8GE892ZFNBK3EW0INMC6TNBP98,0 0 0 0 0 0 0 0 0 0,457,0 1 0 1 1 0 0 1 1 1,99 56 5 95 2 7 34 74 31 54,6.8126,22.5219,0,10.3075 3.5315 4.9055 6.1802 3.4620 0.9627 2.6800 0.8739 2.1642 1.5124
A2XQ3CFB5HT2ZQ,3L6L49WXW15DKFU23O0FXSRU7CU456,3D3B8GE892ZFNBK3EW0INMC6TNBP98,0 0 0 0 0 0 0 0 0 0,446,0 0 0 0 0 0 0 0 0 0,77 30 2 74 40 24 66 10 42 81,46.3068,48.9871,1,4.1100 2.3747 2.4043 2.1188 1.4045 1.2029 1.0048 1.3211 0.9228 2.8970
A3AYHESLQSDY5T,3X3OR7WPZ08S55KP7E6ZVT3WVOQ8L5,3D3B8GE892ZFNBK3EW0INMC6TNBP98,0 0 0 0 0 0 0 0 0 0,533,0 0 1 0 1 1 0 1 0 1,49 47 35 2 87 19 85 50 86 73,178.1135,44.9619,1,8.4196 42.3214 3.2972 10.5119 6.5017 12.2083 4.7397 4.5500 6.4597 4.0119
AQOC2KVEA3H60,3MAOD8E57RI886OIRZY6OKOERSZNXU,3D3B8GE892ZFNBK3EW0INMC6TNBP98,0 0 0 0 0 0 0 0 0 0,196,0 1 0 1 0 1 1 0 0 0,2 54 16 16 3 21 0 39 5 40,109.3547,33.2180,0,6.3883 5.6866 10.2814 5.5890 3.4791 3.7341 4.1735 3.0555 3.8060 2.2630
AA4ZGXQW83KSU,3VNXK88KKDQVFFFTQAEJIYW96SA9VE,3D3B8GE892ZFNBK3EW0INMC6TNBP98,0 0 0 0 0 0 0 0 0 0,589,1 1 1 0 1 1 0 0 1 0,90 97 76 5 64 27 57 78 12 83,38.3766,46.4303,1,3.6869 3.1513 2.4539 2.1231 1.6926 2.8508 0.7903 0.7578 1.3641 0.4419
AABCSDU3TZLNG,3N8OEVH1FSY3WIA2RNBNKWXQ5YZOO5,3D3B8GE892ZFNBK3EW0INMC6TNBP98,0 0 0 0 0 0 0 0 0 0,634,0 1 1 1 1 1 1 1 1 1,5 88 58 95 91 26 20 96 88 67,64.4910,50.5346,0,13.4339 1.6989 0.8620 0.6448 0.5307 0.5335 0.8748 0.6542 0.6288 0.6519
A2BK45LZGGWPLX,33UKMF931ASZM2KIJLJL8G903EXTTI,3D3B8GE892ZFNBK3EW0INMC6TNBP98,0 0 0 0 0 0 0 0 0 0,363,0 0 1 1 1 1 1 0 1 1,3 1 80 86 33 2 45 3 60 50,283.0578,20.9813,0,12.2008 2.9149 1.2499 1.6496 1.0035 1.0456 2.6877 1.8159 0.9309 1.1394
A2VGEE0ZIZ8CBQ,3TPZPLC3M1KWVTTHNP4ALT45KCZP3S,3D3B8GE892ZFNBK3EW0INMC6TNBP98,0 0 0 0 0 0 0 0 0 0,452,0 0 0 0 0 0 0 1 1 1,15 33 91 30 48 20 20 91 85 19,26.8239,47.8675,1,8.2108 5.4992 6.8006 2.7650 6.3926 3.9079 2.7646 2.2356 3.9285 2.8234
A3HHDPKL3O3O7Y,3TAYZSBPLMG4N3DQB6UZXO4O1I6S20,3D3B8GE892ZFNBK3EW0INMC6TNBP98,0 0 0 0 0 0 0 0 0 0,475,0 1 1 1 1 1 1 0 0 0,0 87 85 53 20 45 20 65 15 85,86.0036,17.7311,0,6.4738 1.3222 2.1123 1.2822 0.8980 0.9058 2.1958 1.1087 0.8214 0.7940
A1THSBWV04YAIK,3OLF68YTNA9KO138I1NFW747OG4FAB,3D3B8GE892ZFNBK3EW0INMC6TNBP98,0 0 0 0 0 0 0 0 0 0,527,0 1 1 1 0 0 0 1 1 0,71 89 57 55 96 82 21 21 7 28,42.8160,33.5440,0,7.6620 4.9530 4.1680 5.0150 3.8550 2.6550 4.1680 4.1750 8.7200 1.6880
A13FUEPWBCLBUY,39DD6S19JQJTJVBKZIJ8VIAGL0WZEE,3D3B8GE892ZFNBK3EW0INMC6TNBP98,0 0 0 0 0 0 0 0 0 0,383,0 0 0 0 0 0 0 0 0 0,13 43 69 23 10 44 18 41 44 78,88.1638,37.7741,0,5.6337 0.9856 0.7469 3.0842 0.7888 2.0639 0.7366 3.1347 2.1062 0.6439
AS6U5AB31C0E6,3K9FOBBF2IRD8C7TDGVIDQTRKJPNL8,3D3B8GE892ZFNBK3EW0INMC6TNBP98,0 0 0 0 0 0 0 0 0 0,470,1 1 1 0 0 0 0 1 1 1,38 66 61 41 92 34 30 82 17 9,17.5177,47.1627,1,3.6544 7.5049 5.0980 0.9030 0.9660 0.5360 0.5710 0.6819 0.5850 0.4382
A317RA15E0SZ4P,3C8HJ7UOP82RVJ3XGG7R8QFPU2NMZQ,3D3B8GE892ZFNBK3EW0INMC6TNBP98,0 0 0 0 0 0 0 0 0 0,576,0 1 1 1 1 1 1 1 1 1,35 65 93 47 64 5 81 75 96 15,134.8463,30.0003,0,9.4364 12.5680 10.1598 4.8078 4.9117 4.3999 2.8962 7.5598 5.2638 2.3446
A7UMM78R0LS4O,3RXPCZQMQQJU8DM3X2043RBGL1ZG1O,3D3B8GE892ZFNBK3EW0INMC6TNBP98,0 0 0 0 0 0 0 0 0 0,364,0 0 0 0 0 0 0 0 0 0,29 12 0 35 42 84 5 41 68 48,173.7542,44.7924,0,10.1258 3.4475 3.7279 2.0879 2.6959 1.4400 1.2000 0.7839 0.9440 0.9920
ABBJOZRIPLPW1,37U1UTWH9WU383F2CY3VH5CV1GGR8F,3D3B8GE892ZFNBK3EW0INMC6TNBP98,0 0 0 0 0 0 0 0 0 0,656,1 1 0 1 1 1 0 0 1 1,86 69 8 92 60 29 78 45 99 90,108.3630,166.7190,0,6.4550 5.8300 6.9570 1.6520 2.2620 1.8170 2.5120 1.6910 1.1790 7.9080
A3HE7G3O3OST51,31LM9EDVOM07DMJTAVJ5XBGZGUMJN4,3D3B8GE892ZFNBK3EW0INMC6TNBP98,0 0 0 0 0 0 0 0 0 0,462,0 1 1 0 0 0 0 0 0 0,10 71 12 77 35 62 22 85 40 48,33.8455,22.7154,1,5.1139 5.8642 5.0666 9.9260 0.8748 2.8007 1.6508 6.2929 3.8843 3.9973
A10TULADSAGML1,3SKRO2GZ72ZZAZIMNTLJ1J39SIH1KD,3D3B8GE892ZFNBK3EW0INMC6TNBP98,0 0 0 0 0 0 0 0 0 0,481,0 0 0 1 1 1 0 0 1 0,45 78 27 71 62 10 66 22 13 87,103.2711,50.1629,0,3.3451 2.6051 2.9159 2.1771 2.6181 6.0236 1.7187 1.4229 1.7638 1.9545
A1NQT28GZTFLGA,378XPAWRUDL4YS5YJ9T0Z4HZ48YIA7,3D3B8GE892ZFNBK3EW0INMC6TNBP98,0 0 0 0 0 0 0 0 0 0,297,0 0 0 0 1 0 0 0 1 0,56 14 94 22 9 25 48 6 18 5,89.3480,22.9140,0,7.7010 9.8950 11.0320 3.7520 8.9220 1.3520 3.1120 3.6010 1.0240 3.3500
A299648X7UDU4M,null,3D3B8GE892ZFNBK3EW0INMC6TNBP98,0 0 0 0 0 0 0 0 0 0,523,1 0 1 0 1 0 1 0 1 0,40 8 72 78 54 55 63 48 93 12,86.4390,42.9510,1,7.5510 2.7290 4.3640 1.4730 2.0010 1.1650 1.5460 7.1900 5.0160 3.6190
A3485IQYNO94GA,37FMASSAYDZ9H2AQPNTWUF15MRKIB5,3D3B8GE892ZFNBK3EW0INMC6TNBP98,0 0 0 0 0 0 0 0 0 0,583,0 0 1 0 1 0 1 1 0 1,26 83 59 8 82 26 82 87 93 37,45.6854,39.1025,0,7.2745 0.7637 1.2720 0.7943 0.9497 0.6780 0.5316 0.5777 0.7477 0.6319
AOYIJDTB50CBO,3WRFBPLXRBWWS8H47ARIH4ZAKY23NG,3D3B8GE892ZFNBK3EW0INMC6TNBP98,0 0 0 0 0 0 0 0 0 0,494,0 0 0 0 0 0 0 0 0 0,17 67 86 50 34 24 16 95 55 50,47.6561,42.1868,0,15.6419 3.5733 2.2827 1.8566 1.2660 1.4112 2.1614 1.0285 1.4598 1.1256
ATJFUHXPYHISH,3V5Q80FXIYZ03MSBLRTYPGWC93B23O,3D3B8GE892ZFNBK3EW0INMC6TNBP98,0 0 0 0 0 0 0 0 0 0,285,1 1 1 1 1 1 1 1 1 1,43 57 13 55 7 22 59 8 8 13,56.1615,43.9275,1,6.4021 3.7593 5.7924 2.5125 5.8227 2.3514 3.2397 5.6479 1.7599 3.6074
AIS4X2NYY3V1T,3F1567XTNXD3A7JC4BK9CBX1P1Z9QQ,3D3B8GE892ZFNBK3EW0INMC6TNBP98,0 0 0 0 0 0 0 0 0 0,396,0 0 0 0 0 0 0 0 0 0,44 68 44 89 20 30 34 7 38 22,90.9180,30.0010,0,8.3630 2.6820 1.7280 1.2860 11.8640 4.3550 1.4810 1.1170 3.9370 1.1080
A18H3EK547GHD4,3QIYRE09Y4P0I53PK6DZTBKDMEP1NN,3D3B8GE892ZFNBK3EW0INMC6TNBP98,0 0 0 0 0 0 0 0 0 0,565,1 0 0 0 1 1 0 0 1 1,80 40 60 94 24 65 32 33 97 40,89.8257,74.2965,2,10.2155 5.2256 4.7926 6.2248 1.8564 4.0883 2.9274 1.2243 2.8240 2.3285
A46DGMYAWYN1,39LNWE0K4V4OD1JWPEARZ5TTBCTUI0,3D3B8GE892ZFNBK3EW0INMC6TNBP98,0 0 0 0 0 0 0 0 0 0,386,0 0 0 1 1 1 1 1 0 0,50 21 23 66 50 28 97 4 40 7,68.7170,23.1482,0,11.4154 6.0054 7.0054 3.5077 1.2315 5.4906 5.1120 2.2551 1.1306 2.5759
AM4PAC2YQPREB,35LDD5557BCW6O4BGF4HLBRCQUGMKC,3D3B8GE892ZFNBK3EW0INMC6TNBP98,0 0 0 0 0 0 0 0 0 0,547,1 0 1 1 1 1 1 1 1 0,66 46 74 8 51 54 82 97 55 14,41.2810,58.7114,1,14.6141 40.0554 7.3521 0.7760 2.5358 5.5765 0.6962 0.6957 0.5193 3.2000
A24LB89P1BPKKF,324G5B4FB4GB8VQK8GSAJ9FDH7E70F,3D3B8GE892ZFNBK3EW0INMC6TNBP98,0 0 0 0 0 0 0 0 0 0,509,0 0 0 0 0 0 0 1 1 1,39 43 64 87 18 72 20 52 61 53,40.7586,24.3549,1,6.7613 1.8515 2.0623 1.8315 1.3130 1.2672 1.4450 1.3015 0.9235 0.9387
A16IXAB4T46Q1W,3SBEHTYCWOB5UA31ZF7G2QZ6705IYN,3D3B8GE892ZFNBK3EW0INMC6TNBP98,0 0 0 0 0 0 0 0 0 0,496,1 1 1 1 1 0 1 0 0 1,4 79 92 6 78 36 19 86 40 56,307.1866,177.0713,1,15.6279 3.5480 8.1477 2.5039 5.1758 5.1999 1.9039 2.1477 2.1042 1.9199
A36PRVA7D0YNHH,3ON104KXQL47XY9MZPNONS47RA84WZ,3D3B8GE892ZFNBK3EW0INMC6TNBP98,0 0 0 0 0 0 0 0 0 0,500,0 0 0 0 0 0 0 0 0 0,19 17 74 83 45 74 49 7 46 86,28.7712,32.6186,1,3.8082 2.5880 1.0172 0.8692 0.7383 0.9285 0.5081 0.5186 0.5484 0.8254
A1CNEUGI7LWLR7,3PPTZCWALRSIGY1P89E8PZZU44WZQ4,3D3B8GE892ZFNBK3EW0INMC6TNBP98,0 0 0 0 0 0 0 0 0 0,419,0 0 0 0 0 0 0 0 0 0,50 23 34 30 14 3 35 92 100 38,81.9730,14.4590,0,4.7490 2.4450 0.5640 6.0560 1.9930 1.2180 0.6180 0.7030 1.0570 0.4540
A3DRYZ95VDUDK,37W3JXSD67GNV5N6OWBV3H8EMBXYW4,3D3B8GE892ZFNBK3EW0INMC6TNBP98,0 0 0 0 0 0 0 0 0 0,348,0 1 1 1 1 0 0 1 0 0,19 93 89 3 10 38 39 2 45 10,47.3743,21.5275,0,5.7847 3.0777 1.0699 1.5561 1.8978 0.8659 0.8521 0.9196 0.5938 0.7978
A2XRYF0L5ACD2E,3OWEPKL08AKETRIR9MU8ULBQP0LN72,3D3B8GE892ZFNBK3EW0INMC6TNBP98,0 0 0 0 0 0 0 0 0 0,505,1 1 1 1 1 1 1 1 1 1,15 60 0 73 82 31 37 98 73 36,38.4922,67.6314,1,14.6153 8.6630 1.8735 6.7362 5.2606 1.8734 1.8579 1.0304 1.2020 1.2401
A1WJ9DBGFY21MQ,32AT8R96GMHD7FMSUQ4537ZGKARUSO,3D3B8GE892ZFNBK3EW0INMC6TNBP98,0 0 0 0 0 0 0 0 0 0,597,0 0 0 0 0 0 1 1 1 1,24 77 67 89 36 16 83 83 57 65,18.3368,32.3165,0,7.0712 8.6209 3.4158 4.5747 1.9839 2.6242 0.9034 2.5432 1.4159 1.6719
A20RVM3V1A3DKX,3A1PQ49WVIP889HEH8IMORNH02DH1R,3D3B8GE892ZFNBK3EW0INMC6TNBP98,0 0 0 0 0 0 0 0 0 0,492,0 0 0 0 1 1 1 1 1 1,64 85 31 17 88 56 54 77 13 7,35.1345,19.5681,0,3.3021 3.8482 2.9047 3.3116 1.1920 3.9037 3.9922 3.2003 2.2801 4.3362
A3D6VDP1APQF3D,3HVVDCPGTF0V3OJCTR6KGX1FIHGTYA,3D3B8GE892ZFNBK3EW0INMC6TNBP98,0 0 0 0 0 0 0 0 0 0,465,0 1 1 1 1 0 1 1 1 1,18 22 46 76 47 12 58 76 81 29,32.0619,44.4780,1,4.8803 3.8774 9.6791 0.4959 0.5087 0.6243 0.6097 0.4605 0.5512 0.4778
A281NYJUA83Y3Y,3NVC2EB65R7Q47LIEC0TYKXHOJ53Y7,3D3B8GE892ZFNBK3EW0INMC6TNBP98,0 0 0 0 0 0 0 0 0 0,375,0 0 1 1 0 1 1 0 0 0,68 4 98 58 21 10 13 49 16 38,3.8728,38.3533,1,5.0661 1.5616 4.2498 1.4117 0.7299 0.6342 0.6185 0.6312 1.2075 0.5856
AWWR9PY50W0Z9,3QJOXOW4XKZTKOC1KTTENGE76XGEMG,3D3B8GE892ZFNBK3EW0INMC6TNBP98,0 0 0 0 0 0 0 0 0 0,356,0 0 0 1 1 1 1 0 1 1,24 35 2 55 27 94 2 11 27 79,64.8436,39.6959,1,10.4866 6.8122 1.6638 2.5519 4.2416 0.9252 1.5605 1.0560 1.0566 0.8633
A22G7P0E0VR5A,39PAAFCODN8EZUO7OGJ09YXL00FVT4,3D3B8GE892ZFNBK3EW0INMC6TNBP98,0 0 0 0 0 0 0 0 0 0,461,0 0 1 1 0 1 1 1 1 1,54 14 62 12 43 79 19 59 68 51,83.9640,20.0780,0,3.7120 3.7330 2.7640 2.7700 2.5240 5.2900 3.6030 1.4860 2.0410 0.9240
AYKFEI11WIR7H,3G0WWMR1UWSOZ9N65L3EUCSLUQEQN4,3D3B8GE892ZFNBK3EW0INMC6TNBP98,0 0 0 0 0 0 0 0 0 0,449,0 0 1 0 1 1 1 0 1 1,7 32 81 42 88 69 8 66 55 1,89.2610,47.1000,0,3.3400 5.0710 7.9130 4.2870 2.0330 2.4310 1.7330 0.9320 1.8720 3.0960
AFS1T34U5DMYF,3R08VXYT7D34GLR51NLVQ4OHICQW73,3D3B8GE892ZFNBK3EW0INMC6TNBP98,0 0 0 0 0 0 0 0 0 0,635,1 1 1 1 1 1 1 0 0 0,90 48 58 83 82 16 90 94 73 1,82.8960,30.9900,1,6.4040 5.3570 5.3970 3.7970 3.8690 2.8040 2.6640 2.4430 7.4750 2.2050
A2BV7O07LVX731,326O153BMJ6QGU6O70UB4QRDXJODEX,3D3B8GE892ZFNBK3EW0INMC6TNBP98,0 0 0 0 0 0 0 0 0 0,574,0 0 0 1 0 0 1 0 0 0,82 91 20 51 74 17 43 34 64 98,110.1831,28.3050,0,4.7611 3.3179 4.3920 1.3226 1.7797 1.2736 2.6615 1.1381 2.7241 1.5060
A2QX3YJXAAHHVV,3ZSANO2JCGFOOXP2Z196H7YDAOEFSE,3D3B8GE892ZFNBK3EW0INMC6TNBP98,0 0 0 0 0 0 0 0 0 0,354,0 0 0 0 0 1 1 1 1 1,40 49 7 19 17 74 13 11 24 100,10.1353,35.6644,1,4.0157 3.3546 1.3064 2.7741 1.7826 0.9680 1.3868 0.7109 0.8512 0.7409
A1TCURESP0T0NM,3S4AW7T80CQRM4XNVBGMEHNRT4X4L1,3D3B8GE892ZFNBK3EW0INMC6TNBP98,0 0 0 0 0 0 0 0 0 0,324,0 0 0 0 0 0 1 1 1 0,11 36 27 5 77 39 44 44 7 34,114.4283,21.4631,0,5.6708 1.7738 0.8794 0.5432 0.8811 0.5755 0.6489 0.4795 0.7028 0.4396
A1SM84EUFYVUOK,3LQ8PUHQFM0J8FDCPF3SGQ43H5PHIM,3D3B8GE892ZFNBK3EW0INMC6TNBP98,0 0 0 0 0 0 0 0 0 0,379,0 0 0 0 0 1 0 1 0 1,22 35 34 88 21 63 22 17 2 75,1049.2094,24.4482,0,8.0174 4.7595 3.2700 2.7325 1.2073 1.3677 1.5646 1.0357 1.4783 1.5917
A1S1K7134S2VUC,33LK57MYLUDUTEG20D3DKZEVMTASZH,3D3B8GE892ZFNBK3EW0INMC6TNBP98,0 0 0 0 0 0 0 0 0 0,501,0 1 0 0 1 1 1 1 1 1,41 31 6 25 62 56 68 15 99 98,109.4095,35.1499,0,18.7449 5.1209 2.0990 3.5324 5.9869 2.0413 4.3044 1.4855 5.0023 1.6469
A2YTQDLACTLIBA,345LHZDEDY09NY1D4B34VZR4SVX3UC,3D3B8GE892ZFNBK3EW0INMC6TNBP98,0 0 0 0 0 0 0 0 0 0,262,0 0 0 0 0 0 0 0 0 0,5 48 51 3 5 48 23 23 18 38,53.3182,16.5614,0,9.6013 5.7273 3.4400 3.2680 1.1586 4.0073 1.3755 1.3825 2.1110 1.2239
A39MOCMDRIOSJM,32Z9ZLUT1MST41OFNAGX0N0PTEQHOJ,3D3B8GE892ZFNBK3EW0INMC6TNBP98,0 0 0 0 0 0 0 0 0 0,521,0 1 1 1 1 0 1 0 1 1,45 56 8 41 83 90 100 23 17 58,300.4692,45.8920,0,13.6937 10.9543 6.6756 9.0119 4.7552 1.6378 2.5556 2.2483 1.9816 2.0906
A2Z6NL0CTXY0ZB,3ZSY5X72NYJ6TV2IJFSRER2VGNPROR,3D3B8GE892ZFNBK3EW0INMC6TNBP98,0 0 0 0 0 0 0 0 0 0,538,1 1 0 1 0 1 1 1 1 0,90 64 75 43 20 40 63 61 17 65,38.8520,44.1270,1,8.3730 3.5600 1.9200 2.0960 1.5670 1.1360 1.1680 2.5360 2.9430 1.0140
A1V0FD2BL9JQ7C,3EJJQNKU9SDW1EGVF2X1UI5U41BRH3,3D3B8GE892ZFNBK3EW0INMC6TNBP98,0 0 0 0 0 0 0 0 0 0,385,0 1 1 1 1 1 1 0 1 1,5 33 46 54 38 86 41 11 31 40,85.1813,28.8591,0,9.9094 9.7400 7.4712 4.9439 3.8005 6.2716 1.9221 1.5036 0.9967 3.2555
ACBK30I7R42NI,39PAAFCODN8EZUO7OGJ09YXL01KTV9,3D3B8GE892ZFNBK3EW0INMC6TNBP98,0 0 0 0 0 0 0 0 0 0,400,0 0 1 0 0 0 0 0 0 0,47 0 0 58 89 32 58 16 46 54,44.5780,42.8585,0,15.2771 7.2323 9.4616 14.0034 3.3757 5.7677 3.0003 2.2672 1.5699 1.9919
A1QDQU3TJHQYAU,3NL0RFNU0GVG2YF5AB4LZHAC44XK4J,3D3B8GE892ZFNBK3EW0INMC6TNBP98,0 0 0 0 0 0 0 0 0 0,681,1 1 1 0 0 0 1 1 1 1,53 73 59 95 40 29 100 49 86 97,73.5798,19.1757,0,5.8952 4.7003 4.3143 1.3569 0.6972 0.6202 0.6153 0.8114 0.6816 0.9160
A3K2I6TDLTDIQV,33TIN5LC05ICJ9AYVL13PX03OBM9Y1,3D3B8GE892ZFNBK3EW0INMC6TNBP98,0 0 0 0 0 0 0 0 0 0,398,0 0 0 0 0 1 1 1 1 1,79 20 36 14 11 77 55 32 21 53,120.3680,43.2080,0,19.4980 6.5690 2.9460 1.3160 1.9230 1.1950 1.2090 1.2730 1.9590 1.2900
A2CLSASUR08Z0O,3S96KQ6I9NCS5DOLXVJ63CRE0UMTDG,3D3B8GE892ZFNBK3EW0INMC6TNBP98,0 0 0 0 0 0 0 0 0 0,571,0 1 1 0 0 0 1 1 1 0,75 98 53 42 96 42 72 45 46 2,52.1778,23.6811,0,4.7215 3.1760 1.3119 1.2318 0.9198 0.8400 1.0720 1.1360 1.7476 0.7293
A3QIG18VHBXBSZ,3BF51CHDTWI81KWWLPEMAM47VBIH01,3D3B8GE892ZFNBK3EW0INMC6TNBP98,0 0 0 0 0 0 0 0 0 0,431,0 0 0 0 0 0 0 0 0 0,22 49 21 20 94 13 77 42 27 66,84.2131,33.7397,0,5.4142 3.7524 4.2406 1.5358 1.6878 0.6955 1.7999 0.9519 1.0797 1.6642
A2XUADP5L61HQ5,3F6KKYWMNC9UA0J10ZXUUDLMBC0ND9,3D3B8GE892ZFNBK3EW0INMC6TNBP98,0 0 0 0 0 0 0 0 0 0,462,0 0 0 0 0 0 0 0 0 0,47 55 38 73 47 6 97 8 51 40,19.8224,30.6205,0,2.3104 3.3234 0.8479 0.8760 0.6968 0.6882 0.8958 0.6071 0.6970 0.5741
A2ZLZO3YYY4EZJ,3RSDURM96BUTE51F3WHPHB1EF86EYK,3D3B8GE892ZFNBK3EW0INMC6TNBP98,0 0 0 0 0 0 0 0 0 0,461,0 1 0 1 0 1 0 0 0 0,84 2 55 50 45 6 28 92 66 33,57.1337,20.0488,0,5.0389 3.8756 6.7678 2.2652 1.1488 4.5050 0.6537 0.7174 2.3521 1.1775
AW2OXGIC9X0AE,3NQL1CS15SGAGGN1YM6ZHFP0F39VY7,3D3B8GE892ZFNBK3EW0INMC6TNBP98,0 0 0 0 0 0 0 0 0 0,462,0 0 0 0 0 0 0 0 0 0,12 67 56 9 91 8 55 83 33 48,18.3503,24.6039,1,6.0455 5.1087 2.9258 1.6571 0.6638 1.4307 0.7592 0.6219 0.5829 0.5505
AEDANPWFSD3KB,34PGFRQONPJX0GS72WASTUTQ983WJP,3D3B8GE892ZFNBK3EW0INMC6TNBP98,0 0 0 0 0 0 0 0 0 0,445,0 1 1 1 1 1 0 1 1 0,2 59 42 51 57 29 36 93 59 17,8.4680,36.0360,2,4.4050 1.5330 1.9550 0.7010 0.6910 2.9640 1.5540 0.5760 0.6260 0.6230
A1MWCDBGZLHJPI,3RGU30DZTBG1V4YTYU45KWRZB6QJMM,3D3B8GE892ZFNBK3EW0INMC6TNBP98,0 0 0 0 0 0 0 0 0 0,304,0 1 1 1 1 1 0 0 1 0,20 35 69 49 35 6 44 15 12 19,186.9034,39.0632,0,19.8714 11.9820 5.9765 3.3307 3.2895 7.4360 3.8558 7.4925 1.2158 21.9859
A2IT0FL1FL5LZJ,3WAKVUDHUXOROH206N6U8G3KXXWU7L,3D3B8GE892ZFNBK3EW0INMC6TNBP98,0 0 0 0 0 0 0 0 0 0,609,1 0 0 0 1 1 0 0 0 1,64 29 67 50 87 56 82 96 14 64,48.9685,30.1724,1,5.1106 3.8174 3.2566 4.5336 1.9583 3.1188 1.1700 1.4216 6.2700 1.2915
AU7GH2OY47NS2,3IAEQB9FMFSKXUSFS0OHQWYD4OAWDF,3D3B8GE892ZFNBK3EW0INMC6TNBP98,0 0 0 0 0 0 0 0 0 0,465,0 0 1 0 1 0 1 0 1 1,91 40 14 19 84 2 77 98 4 36,11.2000,53.4850,2,9.0080 6.8560 12.8330 8.7420 7.9770 11.9110 5.1470 5.2630 7.3130 7.2100
A17WS5TP6OPH7R,3JJVG1YBEC5X5EFBI3A256X0H6WB58,3D3B8GE892ZFNBK3EW0INMC6TNBP98,0 0 0 0 0 0 0 0 0 0,369,0 0 0 0 0 0 0 0 0 0,27 19 40 23 25 40 88 28 2 77,120.3408,39.2821,0,7.9069 2.2057 6.3516 2.5317 1.2838 1.5367 2.0061 0.9600 0.8200 0.7780
ANDSXI09M1ZD9,3R9WASFE20OLP9BGUT3ED0VGX3WZFL,3D3B8GE892ZFNBK3EW0INMC6TNBP98,0 0 0 0 0 0 0 0 0 0,613,0 1 1 0 1 1 1 1 1 0,47 73 58 37 44 77 98 83 89 7,62.3854,23.2477,0,8.6590 7.2804 7.4000 1.7769 1.9075 2.0129 4.0679 3.0823 3.0798 1.2082
A1BG47GSHQ9WSU,3CTOC39K38YIA1R6UO2G1EU9GH17J5,3D3B8GE892ZFNBK3EW0INMC6TNBP98,0 0 0 0 0 0 0 0 0 0,467,0 1 0 0 0 1 0 0 0 1,87 43 27 82 48 37 31 14 46 52,32.6580,29.1900,0,6.9280 2.1750 3.2320 1.4820 1.2390 0.6080 0.9130 1.9520 0.6250 0.8480
A1GY6XMHLCXX54,3V26SBZTBEMRUQ2GV5XLGSBY98SZZB,3D3B8GE892ZFNBK3EW0INMC6TNBP98,0 0 0 0 0 0 0 0 0 0,464,1 0 1 0 0 1 1 1 1 1,77 7 3 91 2 76 0 58 93 57,73.5362,44.0114,1,4.2218 7.0489 1.7604 0.8072 3.1612 1.5683 2.6962 1.4224 1.9440 1.5282
A2X7BK2WLGUDWZ,3SB5N7Y3O4CU1O1L1JW4PMS6GBH0GX,3D3B8GE892ZFNBK3EW0INMC6TNBP98,0 0 0 0 0 0 0 0 0 0,523,1 1 0 1 1 0 1 1 1 1,89 50 3 50 2 26 93 68 63 79,63.3730,35.8680,0,3.0920 2.6510 1.4580 0.7350 0.5920 0.6580 1.2010 0.7390 0.5140 1.3310
A1GNZFZCDK1LSY,3CN4LGXD5YWBM34MEQ5C8PPN2JN4YF,3D3B8GE892ZFNBK3EW0INMC6TNBP98,0 0 0 0 0 0 0 0 0 0,501,0 0 0 0 0 0 1 1 1 1,3 97 32 31 62 39 70 30 60 77,77.9419,23.9288,0,24.3316 5.9682 7.7760 5.6639 3.9597 2.0560 2.4968 4.6491 2.3925 1.7999
A2WGW5Y3ZFBDEC,373ERPL3YPGM6N7QFWEQ818IFVQTRZ,3D3B8GE892ZFNBK3EW0INMC6TNBP98,0 0 0 0 0 0 0 0 0 0,592,0 1 0 1 0 1 1 1 1 1,69 37 49 100 15 57 93 74 23 75,17.8714,36.1248,0,12.2419 2.1280 0.8769 1.1560 6.1799 0.8113 1.3467 1.0983 0.9679 0.9125
A19KV11YU93DS7,3C6FJU71TR1A31Y1TWWULTNH1WCYUX,3D3B8GE892ZFNBK3EW0INMC6TNBP98,0 0 0 0 0 0 0 0 0 0,238,0 0 0 0 0 0 0 0 0 0,6 12 30 53 6 11 26 43 24 27,33.2265,46.3915,1,12.5853 4.0394 2.3877 2.5078 2.3605 1.6916 1.9917 2.8597 2.2119 2.3958
A13CAAOJ5GP4UQ,3TPWUS5F8A9AS2M1S4T66QGVJO7CW4,3D3B8GE892ZFNBK3EW0INMC6TNBP98,0 0 0 0 0 0 0 0 0 0,352,0 0 0 0 0 0 0 0 0 0,38 13 72 9 44 44 18 59 47 8,36.4632,40.2255,1,5.8728 4.6592 2.5431 2.7939 1.0497 1.0418 0.7427 0.6542 0.6941 0.6696
A12X7XMVFAOWWV,3LEIZ60CDK7COZK3R73M3495U599ZB,3D3B8GE892ZFNBK3EW0INMC6TNBP98,0 0 0 0 0 0 0 0 0 0,478,0 0 0 0 1 1 1 1 1 1,64 24 41 39 93 82 16 87 7 25,62.8113,18.8312,0,4.9197 2.8666 2.9073 2.7846 1.5422 1.0368 0.9627 1.9393 1.0595 0.5989
A34UPVY66RH2DE,379J5II41PO9E6UGKHSZN3ZI6THLEE,3D3B8GE892ZFNBK3EW0INMC6TNBP98,0 0 0 0 0 0 0 0 0 0,428,0 0 0 0 0 0 0 0 0 0,28 53 29 3 26 83 13 89 76 28,67.5860,75.1210,2,7.8460 3.4480 1.8770 2.8400 1.6610 1.6340 0.6440 0.5860 0.8600 0.6450
A53S7J4JGWG38,30LB5CDZNDIUS5WQRBKTAT8CR1I0ZT,3D3B8GE892ZFNBK3EW0INMC6TNBP98,0 0 0 0 0 0 0 0 0 0,440,1 1 0 0 0 1 1 0 1 1,31 12 69 22 0 61 71 19 58 97,26.0070,52.5600,1,6.4250 1.9280 0.6690 0.7380 0.6550 1.1820 1.0090 0.6400 1.0870 1.0410
A12HLCUXMU9JYT,33OOO72IVITI0LI7XZOVJ69WFUTTCZ,3D3B8GE892ZFNBK3EW0INMC6TNBP98,0 0 0 0 0 0 0 0 0 0,481,0 1 0 1 0 1 1 0 1 1,19 98 9 70 31 37 71 12 58 76,4.5884,19.4115,1,5.4853 1.4198 2.1399 0.8480 1.9759 1.0159 1.6879 1.1119 0.6519 0.8321
A4Q2WGBCAFQFI,33IZTU6J8295OJGNZVFSNEYKET3XSG,3D3B8GE892ZFNBK3EW0INMC6TNBP98,0 0 0 0 0 0 0 0 0 0,376,0 0 0 0 0 1 1 0 1 1,29 10 60 29 45 92 1 0 87 23,97.8423,40.3314,0,8.9184 5.2139 6.6079 3.0658 1.8935 2.7733 1.7585 1.4290 1.6114 1.3439
A2EA5LDWWP9FR1,374TNBHA8C3IB8RKCNCPBSQSYBDQYR,3D3B8GE892ZFNBK3EW0INMC6TNBP98,0 0 0 0 0 0 0 0 0 0,323,0 0 1 1 1 1 0 0 1 0,23 23 7 63 19 21 85 12 20 50,104.1950,28.5839,0,7.8140 4.8198 4.1731 2.9839 3.3840 2.4499 1.1680 1.5089 2.3329 0.7998
A15TFO5B95QVQZ,3ERMJ6L4DZ08B9XRXLF8H6MQKB77MK,3D3B8GE892ZFNBK3EW0INMC6TNBP98,0 0 0 0 0 0 0 0 0 0,546,0 0 1 1 1 1 0 1 1 1,40 56 95 72 64 44 4 19 87 65,124.8346,156.8236,0,21.5445 5.3192 1.9595 8.5119 4.2717 3.2000 2.5674 1.4556 0.8160 1.0811
A252PT84TL4YDE,3A1COHJ8NK3QJ91ZGTR131APE9F8H0,3D3B8GE892ZFNBK3EW0INMC6TNBP98,0 0 0 0 0 0 0 0 0 0,572,0 1 0 1 1 1 1 1 1 1,16 99 9 71 60 79 99 78 29 32,15.5690,119.5750,0,5.1170 3.0890 2.3250 2.7770 3.9930 1.1390 1.0450 0.7020 0.7020 0.6860
A3EW4XBEYO50T5,3M68NM076IFG4PWEJJ6XXRG4VNNR6U,3D3B8GE892ZFNBK3EW0INMC6TNBP98,0 0 0 0 0 0 0 0 0 0,496,0 0 0 1 1 1 0 0 1 1,100 13 6 30 52 50 72 35 56 82,13.0270,81.8400,1,4.4310 1.1930 1.2240 0.7350 0.5130 0.5680 0.7680 0.4720 0.3430 0.5680
A12JKSH2NE5W9N,3EJPLAJKENOP6GI5T00AJUI34486Z4,3D3B8GE892ZFNBK3EW0INMC6TNBP98,0 0 0 0 0 0 0 0 0 0,458,0 0 1 0 1 1 1 1 1 1,23 8 26 7 61 100 39 77 93 24,8.9660,72.2683,1,11.5198 1.0537 1.8960 0.7479 0.6224 0.6695 0.7879 0.6581 0.8087 0.9345
A7HIT4GT9QS7X,336YQZE83WMTO5J89S0BJM8UT6JM5T,3D3B8GE892ZFNBK3EW0INMC6TNBP98,0 0 0 0 0 0 0 0 0 0,429,1 1 1 1 1 1 1 1 1 1,60 65 60 9 57 43 5 13 81 36,74.0874,33.5868,0,13.1184 9.1173 3.1497 2.2336 4.8516 3.8856 1.5178 1.5439 1.8178 0.7451
AXON2OM4UKECL,3LBXNTKX0S3NJ4KOQPF16JTUM6N9XS,3D3B8GE892ZFNBK3EW0INMC6TNBP98,0 0 0 0 0 0 0 0 0 0,388,0 0 0 1 1 0 0 1 0 0,9 48 58 62 11 30 49 28 45 48,86.3071,38.7608,0,12.3356 4.7011 5.6022 8.1283 5.6969 2.1785 3.3431 4.1457 3.4962 2.4062
AKVDK30EEV08C,37TD41K0AIHHLL5S8ZJ591DADCSCS8,3D3B8GE892ZFNBK3EW0INMC6TNBP98,0 0 0 0 0 0 0 0 0 0,492,0 0 0 0 1 1 1 1 1 1,63 2 40 1 42 86 71 36 61 90,40.7219,87.7684,0,19.6591 4.0498 6.2758 10.1541 8.9680 11.4319 3.5318 3.2838 4.0498 3.6801
A1GRPIBHW72HDU,3TOK3KHVJUQWBCI3A1UL9ABVFNOO76,3DWNFENNE33I4UBT2OZ79IFEYYQ4JU,1 1 1 1 1 1 1 1 1 1,416,1 1 0 0 1 1 1 0 1 1,88 48 53 2 48 58 21 0 15 83,17.1380,34.4970,1,4.2620 2.5680 1.7120 1.5360 0.6250 0.7700 0.5930 0.4790 0.4400 0.5600
AOG0PUCLMU0HH,373ERPL3YPGM6N7QFWEQ818IF7ZTRW,3DWNFENNE33I4UBT2OZ79IFEYYQ4JU,1 1 1 1 1 1 1 1 1 1,315,1 0 0 1 0 1 0 1 1 0,1 24 6 49 44 45 27 78 35 6,2.4023,58.0079,2,8.4232 2.1274 1.5995 0.8238 3.0557 1.4086 0.5117 1.0958 0.5991 0.3360
AQDH5T9UGY1UV,3VA45EW49OVI0Q31LLDC80KIC1P1ON,3DWNFENNE33I4UBT2OZ79IFEYYQ4JU,1 1 1 1 1 1 1 1 1 1,486,1 1 1 1 1 0 1 1 0 1,57 84 23 93 0 24 100 3 49 53,35.8299,25.4660,0,6.6193 6.0281 4.3560 0.5683 2.1379 0.9938 0.5818 0.5459 0.4739 0.6062
AD1ILDUXZHASF,3HVVDCPGTF0V3OJCTR6KGX1FIUEYT3,3DWNFENNE33I4UBT2OZ79IFEYYQ4JU,1 1 1 1 1 1 1 1 1 1,334,1 1 0 1 0 0 0 0 0 0,100 4 5 31 10 30 68 15 59 12,9.6234,18.9214,0,14.4770 4.7360 1.9429 6.9762 4.3510 5.9360 1.9675 0.7674 0.3602 0.6798
A9BYSE59FQHRO,33C7UALJVM6FFYGLE4OGBEUIXWL18K,3DWNFENNE33I4UBT2OZ79IFEYYQ4JU,1 1 1 1 1 1 1 1 1 1,596,1 1 1 1 1 1 1 1 1 1,100 64 63 27 54 50 45 54 73 66,4.9070,41.2940,1,4.8570 2.5990 2.1500 1.7370 1.0760 0.9530 1.5900 1.0570 0.8170 1.0330
A39MKVROUZ1UWR,3NLZY2D53QXYB9KLT8NZHKOWP8CLQL,3DWNFENNE33I4UBT2OZ79IFEYYQ4JU,1 1 1 1 1 1 1 1 1 1,340,1 1 1 1 0 0 0 1 0 1,95 60 6 31 17 8 67 2 4 50,28.9745,30.8481,1,6.6017 2.9246 0.7759 3.1601 0.7743 0.7200 1.0237 1.2488 0.4948 0.5619
A2PEWLBATA6HAA,3OS4RQUCRANP7B80OFNBRIOD6CPBFU,3DWNFENNE33I4UBT2OZ79IFEYYQ4JU,1 1 1 1 1 1 1 1 1 1,528,1 1 0 1 1 1 1 1 1 1,50 36 20 54 38 66 86 65 53 60,40.1960,40.8590,1,7.2090 7.9530 4.1890 3.9860 1.6870 2.1590 2.1180 1.5800 1.6090 1.7740
A104V8NZIQFN2F,3X08E93BHWQNI6YURV3ZMWP8ZCB661,3DWNFENNE33I4UBT2OZ79IFEYYQ4JU,1 1 1 1 1 1 1 1 1 1,454,1 1 1 0 1 0 1 0 1 1,60 100 76 68 8 46 24 12 43 17,17.5720,34.3877,0,5.4576 4.1337 3.0579 3.1795 2.2217 2.6214 1.1949 1.7147 1.4852 1.3777
AVV45BXBPOCS0,3OVHNO1VE79ORPXK3N8OP0SVL2VDZR,3DWNFENNE33I4UBT2OZ79IFEYYQ4JU,1 1 1 1 1 1 1 1 1 1,556,1 1 1 0 0 1 0 1 1 0,58 63 51 100 43 62 11 72 50 46,58.2500,53.6086,1,25.3168 6.4703 4.6793 5.2792 4.5298 2.0390 4.6997 1.0815 2.1098 1.9914
A3H0133NSXWYTM,3QILPRALQ63IT5NAJRME8L7L0XQ8NZ,3DWNFENNE33I4UBT2OZ79IFEYYQ4JU,1 1 1 1 1 1 1 1 1 1,446,1 1 0 1 0 1 1 1 1 1,3 69 11 59 25 64 59 63 65 28,194.8560,57.2030,2,7.9830 3.9623 1.1162 1.0276 6.7152 1.8955 0.8371 0.7551 0.7666 1.0211
A6YDORFZZXXPQ,3QRYMNZ7FZP1RPFYMPX9ZH38EAATN8,3DWNFENNE33I4UBT2OZ79IFEYYQ4JU,1 1 1 1 1 1 1 1 1 1,422,1 1 1 1 1 0 1 1 0 0,22 88 35 62 32 29 16 0 91 47,41.4120,114.1190,2,12.9060 4.8630 6.7360 5.6280 3.2060 3.4160 2.5540 7.3400 3.2050 4.1790
A35506802CMX5T,3G5F9DBFOQ5OULXCOM2BVFUXPJIVHI,3DWNFENNE33I4UBT2OZ79IFEYYQ4JU,1 1 1 1 1 1 1 1 1 1,264,1 0 0 0 1 0 0 0 0 0,18 42 46 36 12 38 16 41 8 7,53.4970,35.0620,1,12.0640 9.1460 3.6110 2.7070 5.1980 0.8830 1.2150 0.9490 1.8330 1.2410
A6U07CTIMU1CW,3K2755HG5TBIM86K2BEHM8CD9X2FD6,3DWNFENNE33I4UBT2OZ79IFEYYQ4JU,1 1 1 1 1 1 1 1 1 1,541,0 1 1 1 1 1 0 0 1 0,90 39 56 62 83 50 8 70 71 12,10.7930,24.9350,2,3.0070 1.0590 0.6930 0.6930 0.6600 0.5690 1.5470 0.4790 0.3980 0.3740
A2ZHUJEIMZNPTO,3ZV9H2YQQEFMF2QIZBI5DNC1DN23WT,3DWNFENNE33I4UBT2OZ79IFEYYQ4JU,1 1 1 1 1 1 1 1 1 1,474,0 0 1 0 1 1 0 1 1 0,5 68 14 34 82 100 47 19 83 22,271.7985,101.4676,0,36.3323 2.3351 1.0093 0.7272 0.6797 0.8874 0.9055 0.6073 0.5276 1.0157
A2FID4BYT1X6R6,3JWH6J9I9TL1V3LHM36OZNXM83CBN2,3DWNFENNE33I4UBT2OZ79IFEYYQ4JU,1 1 1 1 1 1 1 1 1 1,533,0 0 0 0 0 0 0 0 0 0,7 87 43 43 10 37 97 100 24 85,193.8288,92.9496,0,13.9255 10.6727 2.9296 1.8295 4.2686 3.2152 2.5281 1.4240 1.6424 1.4553
A1WU3UZ1IJIMUI,3JCG6DTRV4Y9260YLDVVY6NQZE0QQG,3DWNFENNE33I4UBT2OZ79IFEYYQ4JU,1 1 1 1 1 1 1 1 1 1,544,1 1 0 0 1 0 0 1 0 1,77 43 83 13 18 45 82 94 53 36,121.1141,48.4219,0,15.2461 9.1531 2.8965 2.9546 2.4781 1.4596 2.6767 2.6103 4.8469 1.3999
A3C0NQ2IP5FTZQ,3WMOAN2SRC5G4HJNRKXO0ZRTBVQNVI,3DWNFENNE33I4UBT2OZ79IFEYYQ4JU,1 1 1 1 1 1 1 1 1 1,469,1 1 1 0 0 0 1 1 1 0,59 88 23 74 39 22 64 3 60 37,52.3104,26.8776,0,4.6874 0.8456 0.5397 0.3961 0.3458 0.6258 0.3421 0.3700 0.4361 0.3543
A2YK3N7R4XIETV,34FNN24DCNHTIM8MSVOMDHV12SX5YQ,3DWNFENNE33I4UBT2OZ79IFEYYQ4JU,1 1 1 1 1 1 1 1 1 1,483,1 1 0 1 1 0 1 0 1 0,75 3 31 81 78 66 0 98 9 42,22.5966,101.5365,0,7.6791 5.9859 4.6390 2.3112 2.6373 1.2066 4.6890 1.0177 4.6688 0.9703
A2OHGSJXE6X2MT,3NXNZ5RS1B5T4PEX8CB3CKG6KP897L,3DWNFENNE33I4UBT2OZ79IFEYYQ4JU,1 1 1 1 1 1 1 1 1 1,585,1 1 0 0 1 0 1 1 0 1,32 94 32 97 86 45 81 54 50 14,105.1140,33.5930,0,18.7860 6.0190 3.1810 2.4950 1.3680 1.6630 2.3140 9.7680 4.7830 0.9170
A27B4N0RVPJ9I8,3IXQG4FA2U6G61HNLTNJHM223F0B9A,3DWNFENNE33I4UBT2OZ79IFEYYQ4JU,1 1 1 1 1 1 1 1 1 1,405,1 0 0 1 0 0 0 1 0 0,79 15 9 20 71 12 33 43 55 68,63.0820,35.3420,0,6.7760 2.0780 5.5550 1.5690 3.1980 2.4290 2.4710 1.2300 1.6680 2.3760
A1257SFH8W5MCV,36U2A8VAG27W05TPZISSF6EJZIVKYT,3DWNFENNE33I4UBT2OZ79IFEYYQ4JU,1 1 1 1 1 1 1 1 1 1,433,1 0 1 1 1 0 0 1 1 1,29 1 5 97 56 66 39 11 67 62,32.9199,57.0033,1,3.7402 1.0666 0.7400 1.3090 1.2125 1.0496 1.0411 1.0253 2.9606 2.1887
AHK0H8GTO70K4,3X65QVEQI1VUH8A2OQM4XFZFLUNLCU,3DWNFENNE33I4UBT2OZ79IFEYYQ4JU,1 1 1 1 1 1 1 1 1 1,459,1 1 0 1 1 0 1 0 1 1,51 18 16 75 40 66 23 8 62 100,75.9091,24.0595,0,6.2392 3.7840 1.3480 2.1200 2.5439 1.3077 0.7760 1.2319 1.5275 1.4321
A2V63D7PYY8SE8,3JCG6DTRV4Y9260YLDVVY6NQZFDQQV,3DWNFENNE33I4UBT2OZ79IFEYYQ4JU,1 1 1 1 1 1 1 1 1 1,495,1 1 0 1 0 0 1 1 0 1,69 10 67 62 46 27 83 5 43 83,44.0071,18.7922,0,5.1109 4.3517 1.1599 1.9597 1.3839 1.4957 0.4957 0.7916 0.4719 1.8554
A2V3QINUTX8V32,32AT8R96GMHD7FMSUQ4537ZGKO4SUR,3DWNFENNE33I4UBT2OZ79IFEYYQ4JU,1 1 1 1 1 1 1 1 1 1,671,1 1 1 1 1 1 1 1 1 1,15 96 65 86 56 84 98 87 71 13,179.2200,44.0820,0,9.0460 10.7640 2.1130 6.6410 7.5190 3.5170 1.8600 5.0830 1.9310 2.3230
A3GWRDHAURRNK6,3DZQRBDBSMNT8L99F684GY9G7BMS3L,3DWNFENNE33I4UBT2OZ79IFEYYQ4JU,1 1 1 1 1 1 1 1 1 1,402,1 1 1 0 1 1 1 1 1 1,18 60 51 18 91 6 71 27 41 19,29.4040,119.8120,2,8.1470 2.6820 1.0090 4.0800 0.8910 0.8520 0.9060 1.1220 0.8770 0.8040
A27MTWP7NWZT3S,3W2LOLRXLCNN34H3LN0Y7ALMWVSRKA,3DWNFENNE33I4UBT2OZ79IFEYYQ4JU,1 1 1 1 1 1 1 1 1 1,471,1 1 0 1 1 0 1 1 1 1,26 8 11 83 67 5 95 19 86 71,17.3893,25.3351,1,5.1997 1.6238 0.6159 0.3359 0.8825 0.5358 0.4479 0.3838 0.4156 0.6481
A1XSX19SIQ9U4W,3P4RDNWND6EFZL82DF6DS3KIUAJJI9,3DWNFENNE33I4UBT2OZ79IFEYYQ4JU,1 1 1 1 1 1 1 1 1 1,459,0 1 1 1 0 1 0 1 1 0,50 90 51 65 99 11 0 19 57 17,15.9570,42.1730,0,6.6260 7.8420 2.8400 3.1880 1.0020 1.8110 1.2060 1.7860 0.6880 0.9370
AU2NVT51E749C,3E47SOBEYR4SR72W3NPR5Z7N4QDCIR,3DWNFENNE33I4UBT2OZ79IFEYYQ4JU,1 1 1 1 1 1 1 1 1 1,562,1 1 1 1 1 1 1 1 1 1,2 98 69 66 25 5 95 76 31 95,64.4720,116.8280,0,4.4480 0.6590 0.5830 1.8650 0.5840 0.6080 0.5680 0.5990 0.4720 0.5360
A14WLAP6TCEKO0,3CFVK00FWMT51R11EZ91BF75P8Z6LA,3DWNFENNE33I4UBT2OZ79IFEYYQ4JU,1 1 1 1 1 1 1 1 1 1,470,0 1 1 1 1 1 0 1 1 1,29 40 50 76 95 56 3 31 79 11,41.9916,62.4618,0,4.8983 0.5472 0.4586 0.5196 0.4634 0.4481 0.3900 0.4156 0.4520 0.4366
AYTH0E5PUXWX8,3NOKK93PR2GV80KO3V5VA89YXABEE7,3DWNFENNE33I4UBT2OZ79IFEYYQ4JU,1 1 1 1 1 1 1 1 1 1,331,1 1 0 1 1 1 0 0 1 1,30 2 2 82 41 7 29 72 34 32,13.6466,41.0591,1,6.9079 2.6546 1.2098 1.1060 3.2291 1.8510 1.1138 1.4309 0.7307 1.5923
A2S00V7RUU121E,3YMU66OBIOG5CO7HZR3PVERN26KHG9,3DWNFENNE33I4UBT2OZ79IFEYYQ4JU,1 1 1 1 1 1 1 1 1 1,553,0 0 1 1 1 1 1 1 1 1,9 35 76 48 43 79 70 62 49 82,22.2057,78.9034,1,7.8712 1.7359 6.0000 2.2081 1.3044 0.7734 0.5280 0.4636 0.5522 0.4878
A3GUB3VO8X1P5C,3RSDURM96BUTE51F3WHPHB1EFMLYEB,3DWNFENNE33I4UBT2OZ79IFEYYQ4JU,1 1 1 1 1 1 1 1 1 1,367,1 1 1 0 1 1 0 0 1 1,81 45 33 6 22 2 87 6 22 63,98.2723,39.3952,0,12.8837 6.2959 4.3079 8.3018 2.5350 12.6298 4.6919 5.0279 3.9443 3.9999
ABG6C7H7RQBGK,3DPNQGW4LMN93JUG87AKPY5U3N446H,3DWNFENNE33I4UBT2OZ79IFEYYQ4JU,1 1 1 1 1 1 1 1 1 1,540,1 0 1 1 0 1 1 0 0 0,67 36 96 20 32 19 23 79 90 78,37.6452,44.6955,1,10.0618 4.6476 6.1919 5.1998 2.1440 3.3921 1.2878 2.2844 2.7278 3.5039
A1PDBRYBFMMFNY,3I2PTA7R3U2NR32388BY2KBH0A6QKQ,3DWNFENNE33I4UBT2OZ79IFEYYQ4JU,1 1 1 1 1 1 1 1 1 1,690,1 1 1 1 1 1 1 1 1 1,78 77 48 70 44 41 80 79 90 83,90.8396,74.8478,2,7.1981 1.5597 6.3919 4.5199 2.8159 1.8957 1.1759 4.8238 0.9838 0.7839
A7P324L1TFL19,3FIJLY1B6VCRB59A7K5CM2T2NJJFP4,3DWNFENNE33I4UBT2OZ79IFEYYQ4JU,1 1 1 1 1 1 1 1 1 1,436,1 1 1 1 1 0 1 0 0 1,72 75 46 50 0 34 5 80 21 53,9.0763,52.5466,2,3.3456 1.9577 2.8677 1.2721 0.6806 1.8382 0.6715 1.9991 1.1266 0.5989
A2BEH9YQPHKP6A,3DR23U6WE6MXXJ2LTQUQ9U9Z0LPETQ,3DWNFENNE33I4UBT2OZ79IFEYYQ4JU,1 1 1 1 1 1 1 1 1 1,517,1 0 0 1 1 0 1 0 0 0,4 28 84 58 73 49 73 26 75 47,124.9852,54.2786,0,7.3228 2.2411 1.4685 1.1140 1.0762 0.9728 0.8762 0.8913 0.8829 1.3938
A25S8BTK83Z7VE,3LEP4MGT3H8S9RU4X9SL3ILSU2PDB7,3DWNFENNE33I4UBT2OZ79IFEYYQ4JU,1 1 1 1 1 1 1 1 1 1,660,1 1 1 1 1 1 1 1 0 0,59 90 70 21 73 98 77 60 60 52,55.0675,19.4261,0,4.3921 2.9292 3.7544 1.2436 1.8633 2.3259 1.8498 5.5696 2.4075 4.0500
A6T1F7YSN8RWJ,3I02618YA1EGUN60290B82U5X60UPK,3DWNFENNE33I4UBT2OZ79IFEYYQ4JU,1 1 1 1 1 1 1 1 1 1,393,1 1 0 1 1 0 1 1 0 1,14 40 9 96 85 6 44 18 50 31,41.7162,35.2871,1,2.8186 2.2782 1.0891 0.6809 2.4784 1.4727 0.5606 0.5612 1.2549 0.6955
A1EMKR3TP9UL9F,3S4AW7T80CQRM4XNVBGMEHNRTJGL4V,3DWNFENNE33I4UBT2OZ79IFEYYQ4JU,1 1 1 1 1 1 1 1 1 1,603,1 1 1 1 1 1 1 1 1 1,72 67 54 70 63 98 26 76 1 76,4.2447,41.9874,2,8.1056 3.0415 0.8559 0.5921 0.6724 0.5925 0.5365 0.4411 0.5126 0.4323
AGT7SHMB2KIKW,3CN4LGXD5YWBM34MEQ5C8PPN2YPY45,3DWNFENNE33I4UBT2OZ79IFEYYQ4JU,1 1 1 1 1 1 1 1 1 1,518,1 1 1 0 1 0 1 0 1 0,74 100 0 38 78 78 11 57 54 28,11.9170,25.5199,0,3.9033 3.7196 2.9919 2.7999 2.6237 1.3278 1.7040 2.0159 1.4662 2.6248
A1H5Q9HRH4RPZU,3HHRAGRYX9D0PV6WPYS5N621AGCO9O,3DWNFENNE33I4UBT2OZ79IFEYYQ4JU,1 1 1 1 1 1 1 1 1 1,444,0 1 1 1 1 0 1 1 1 1,56 87 18 59 47 22 30 28 52 45,34.3262,30.7520,0,3.2418 3.6279 3.6438 1.9540 3.8059 0.8400 1.7780 3.4298 0.9059 1.1039
A1UOIJJQTPB7M5,3Z4AIRP3C7L5UZHTMC08RDBBO8U1XY,3DWNFENNE33I4UBT2OZ79IFEYYQ4JU,1 1 1 1 1 1 1 1 1 1,700,1 1 1 1 1 1 1 1 1 1,76 22 70 42 64 67 100 100 84 75,18.7628,30.9197,1,8.4874 5.6238 1.5119 2.6360 1.0239 1.0721 0.9680 3.3240 0.7761 1.5480
A2ZU7KYRJ5KBY,36U2A8VAG27W05TPZISSF6EJZKOKYQ,3DWNFENNE33I4UBT2OZ79IFEYYQ4JU,1 1 1 1 1 1 1 1 1 1,521,0 1 1 1 1 1 1 0 1 1,23 62 68 62 62 75 19 39 97 14,10.2990,63.3280,1,10.7510 1.9750 4.4240 4.3590 2.4320 1.4070 2.0000 2.6320 0.8000 1.1190
A3L6XBX3GU82RY,34QN5IT0T0ZF89V3ILKGX9B8S7G08N,3DWNFENNE33I4UBT2OZ79IFEYYQ4JU,1 1 1 1 1 1 1 1 1 1,381,0 1 0 1 1 0 0 0 1 1,62 68 45 5 35 34 3 19 15 95,274.7469,180.8392,1,18.0295 21.4395 6.3678 5.5198 4.6159 1.7120 1.6958 3.1201 1.9442 1.4800
A1QBF6HGY4SF6U,3180JW2OT5K3NXDN6VNJ3UGDPQM5JY,3DWNFENNE33I4UBT2OZ79IFEYYQ4JU,1 1 1 1 1 1 1 1 1 1,538,1 0 1 0 1 0 1 0 1 1,98 28 75 52 28 78 21 74 3 81,42.1930,15.1790,0,1.3010 0.4080 0.4200 0.7800 0.5700 0.6720 0.6110 0.8110 1.5050 0.4710
A2QXAZLMU2P0QO,3PH3VY7DJM5N0VXBKIDEHOHGSL2ZWT,3DWNFENNE33I4UBT2OZ79IFEYYQ4JU,1 1 1 1 1 1 1 1 1 1,382,1 1 0 0 1 1 1 0 1 0,39 77 30 9 34 41 66 17 33 36,61.6047,62.7855,0,9.0080 3.5587 9.7172 3.3948 1.1852 19.0460 5.4730 2.3278 2.8515 2.8774
A2OAZPREKF6PQR,3NQL1CS15SGAGGN1YM6ZHFP0FIXVYP,3DWNFENNE33I4UBT2OZ79IFEYYQ4JU,1 1 1 1 1 1 1 1 1 1,527,1 0 1 0 1 0 1 0 1 0,53 6 61 94 27 76 90 46 38 36,16.1876,14.0432,0,1.4744 0.5240 0.4780 0.7240 0.5861 1.2719 0.5319 0.6859 1.4657 0.8959
AWJ5RYXJCSGV0,3LRKMWOKB6P1OFZ46YO7TH1ROFH2ZQ,3DWNFENNE33I4UBT2OZ79IFEYYQ4JU,1 1 1 1 1 1 1 1 1 1,559,0 0 1 1 1 1 1 1 1 1,57 38 69 97 50 56 36 67 43 46,61.4750,26.1560,0,11.7760 4.6620 2.1310 2.1320 2.4220 1.7860 1.5550 1.0160 1.2290 1.2370
A3NN8G7P3YV64V,3LYA37P8IRV0NX0EPQE87VGIECJBKH,3DWNFENNE33I4UBT2OZ79IFEYYQ4JU,1 1 1 1 1 1 1 1 1 1,589,1 1 1 0 0 0 0 0 0 1,50 100 18 84 96 60 81 8 7 85,119.8356,44.3456,0,9.4528 6.8317 8.9095 8.4081 4.2956 2.2799 2.2260 4.0633 5.1420 1.0839
A36UZHVNGAP6R6,3U088ZLJVL1QYARLGO0MBPEUAFXW0E,3DWNFENNE33I4UBT2OZ79IFEYYQ4JU,1 1 1 1 1 1 1 1 1 1,372,1 1 1 1 0 1 1 1 1 1,34 81 6 1 2 35 44 69 61 39,43.2050,32.4475,0,8.1325 7.4874 5.3195 5.5517 2.7438 4.5919 3.4556 3.7438 3.4001 2.4321
A17KN7NAP48L4B,3WEV0KO0ON0RQDB68VEGT7VSYRBDSA,3DWNFENNE33I4UBT2OZ79IFEYYQ4JU,1 1 1 1 1 1 1 1 1 1,422,0 0 0 0 0 0 0 0 0 0,18 10 17 87 34 81 53 60 27 35,68.7268,60.2076,1,5.2456 5.0318 2.0878 2.7760 2.5599 1.1598 1.3200 1.2800 0.9439 1.0723
A4IQ0TJHUIV3U,3VAR3R6G1Q90BQNMK6MRNA7QQBGO8N,3DWNFENNE33I4UBT2OZ79IFEYYQ4JU,1 1 1 1 1 1 1 1 1 1,627,1 0 1 1 0 0 1 1 0 1,29 97 95 98 77 39 68 72 15 37,47.5981,41.3286,0,8.0871 6.1037 4.2642 7.7279 3.5197 1.9918 1.0240 1.4327 1.0317 0.6718
A2KNNYT5P67HOT,3BEFOD78W71BSMF8VNH1EU2GTQT4M7,3DWNFENNE33I4UBT2OZ79IFEYYQ4JU,1 1 1 1 1 1 1 1 1 1,529,1 1 0 1 1 1 1 1 1 1,26 13 10 62 1 52 96 78 96 95,203.6854,55.7239,1,11.1774 2.2694 1.7360 2.1291 3.0166 4.2938 2.7726 1.2132 5.7892 5.0453
AG2YM9OWQP690,30OG32W0SVJZ26X1WU8E0V37B51ENR,3DWNFENNE33I4UBT2OZ79IFEYYQ4JU,1 1 1 1 1 1 1 1 1 1,580,1 1 1 1 1 1 1 1 1 1,28 78 50 64 72 73 82 56 54 23,31.9977,117.1597,1,17.4715 3.3838 5.2798 3.4159 4.3600 1.4799 3.4798 1.1120 1.3440 1.2318
A2JZTR2ZSALGH4,3ZV9H2YQQEFMF2QIZBI5DNC1DSIW3C,3DWNFENNE33I4UBT2OZ79IFEYYQ4JU,1 1 1 1 1 1 1 1 1 1,480,1 1 1 1 1 0 1 1 1 0,8 31 61 99 43 70 21 83 56 8,73.9192,102.5081,1,11.0054 6.5978 6.2917 3.9502 2.9395 1.8511 3.2467 5.3291 3.0450 1.5028
A1G6FOCQ4G967A,3VW6495TLK8RKAI63XTJOETUX1DYYJ,3DWNFENNE33I4UBT2OZ79IFEYYQ4JU,1 1 1 1 1 1 1 1 1 1,419,1 0 1 1 0 0 1 1 0 0,74 3 73 9 50 51 82 27 37 13,94.8486,95.6238,1,10.1753 4.1114 5.4721 4.2723 1.2401 9.0719 4.4874 1.8957 0.7677 0.6563
A157LV5C7C5B1U,3B3WTRP3DCAMIOHR20U8GTZY9D029K,3DWNFENNE33I4UBT2OZ79IFEYYQ4JU,1 1 1 1 1 1 1 1 1 1,491,1 1 0 1 1 0 1 1 1 0,82 85 4 18 98 15 65 90 4 30,16.0320,196.6020,0,31.0040 103.6720 9.4630 2.1520 1.2400 4.2080 0.8960 1.0000 0.7850 2.3440
AE0V90AMSST8O,3YMU66OBIOG5CO7HZR3PVERN29EGH8,3DWNFENNE33I4UBT2OZ79IFEYYQ4JU,1 1 1 1 1 1 1 1 1 1,488,1 0 1 0 1 1 1 1 1 0,52 34 34 12 91 68 27 46 75 49,62.1442,26.6486,0,6.4398 6.7420 4.0695 5.6774 2.4460 4.1322 4.8125 4.1957 3.3277 4.1020
A10443E11ZWEHJ,33L7PJKHCH6GOISUGN8QHKDDPKYT8H,3DWNFENNE33I4UBT2OZ79IFEYYQ4JU,1 1 1 1 1 1 1 1 1 1,556,1 1 0 1 1 1 1 1 0 1,76 23 51 88 100 95 50 11 3 59,254.6518,43.4811,0,10.3731 11.0152 1.7519 0.9842 0.9927 0.9996 0.7275 2.2159 1.1452 0.8481
A249M2F9FFNIK2,3OVR4I9USQR2D1D0NGOIV3ML3R84QC,3DWNFENNE33I4UBT2OZ79IFEYYQ4JU,1 1 1 1 1 1 1 1 1 1,631,1 0 0 0 0 0 0 0 0 0,2 77 91 50 37 88 54 90 95 47,7.8977,27.8776,0,6.5511 3.1516 1.2882 1.3275 1.2907 1.2481 1.4007 2.3360 2.2571 1.1445
A1FR1CT292UP7A,33PPUNGG39DISZGPLO38UP9Z08HZRO,3DWNFENNE33I4UBT2OZ79IFEYYQ4JU,1 1 1 1 1 1 1 1 1 1,362,1 1 1 0 1 1 1 1 0 1,90 5 9 32 46 56 72 8 16 28,47.4719,42.7254,1,6.0137 3.2471 3.4388 2.0494 2.1304 1.9688 2.0989 1.8866 0.6379 0.6086
A68OLX1B5P2KY,3TYCR1GOTDR7P1LCG46C8D00UGVZL1,3DWNFENNE33I4UBT2OZ79IFEYYQ4JU,1 1 1 1 1 1 1 1 1 1,433,1 1 0 0 1 0 1 1 0 1,98 20 29 58 36 5 56 28 43 60,134.4320,45.2040,1,10.9900 3.4290 2.1870 9.1080 1.3830 1.1940 0.6870 2.4430 0.4860 2.9710
AOT2NAR1H34Q0,3AAJC4I4FH01UBXCDJUZSYN8QRUJZN,3DWNFENNE33I4UBT2OZ79IFEYYQ4JU,1 1 1 1 1 1 1 1 1 1,582,1 1 1 1 1 1 1 1 1 0,70 49 68 84 41 76 84 80 11 19,41.1315,22.1162,0,5.3664 1.4714 0.9336 1.6107 1.1394 0.4724 0.5685 0.4455 0.4974 0.8357
A195QZIKZTDVYE,3K5TEWLKGWJOQG8WU4KWVRVCP1ZIVA,3DWNFENNE33I4UBT2OZ79IFEYYQ4JU,1 1 1 1 1 1 1 1 1 1,598,1 1 1 1 0 1 1 1 1 1,76 71 30 28 17 99 54 73 97 53,21.1928,36.4023,1,4.2179 2.4968 0.6462 1.2083 0.6396 0.7594 0.7438 0.6307 0.5193 0.4325
A2JK9URISOXMBQ,3FTYUGLFSVTQKBDVWZ180WL0K9R5DS,3DWNFENNE33I4UBT2OZ79IFEYYQ4JU,1 1 1 1 1 1 1 1 1 1,579,1 1 0 0 1 1 1 1 1 1,95 12 62 5 69 70 79 44 90 53,92.6239,38.9799,0,7.8997 3.4630 5.5513 3.3676 3.2313 3.2871 1.5599 2.7513 1.0166 1.2794
AFC9Q2YBBESIP,33TIN5LC05ICJ9AYVL13PX03OTGY9K,3DWNFENNE33I4UBT2OZ79IFEYYQ4JU,1 1 1 1 1 1 1 1 1 1,551,1 1 1 1 1 1 1 1 1 1,82 55 88 63 38 3 56 65 96 5,84.8198,34.3974,0,9.8599 7.5204 6.9009 2.7781 5.2754 2.8549 5.0336 2.3810 2.7196 2.2270
A1CE3DR200PXSS,3EO896NRAX358ZOD7R5H6AMR5WCJTD,3DWNFENNE33I4UBT2OZ79IFEYYQ4JU,1 1 1 1 1 1 1 1 1 1,534,1 0 0 1 0 1 1 1 0 0,54 63 63 61 2 71 79 7 69 65,96.6630,26.5782,0,4.8094 5.6966 6.8899 2.3142 0.9620 1.0540 4.4358 2.6417 2.0947 2.5322
A1U8AZKMWLKAQF,3VSOLARPKCHB36DA608DZ34QFSO39M,3DWNFENNE33I4UBT2OZ79IFEYYQ4JU,1 1 1 1 1 1 1 1 1 1,545,1 1 1 1 1 1 1 1 1 1,94 96 69 36 32 3 65 23 52 75,15.4401,47.5844,0,7.3105 7.2391 6.5038 4.8386 4.6979 2.5994 3.2396 4.2813 13.0285 1.9975
A1AF6EW9YUMER9,33LK57MYLUDUTEG20D3DKZEVMBDZSR,3DWNFENNE33I4UBT2OZ79IFEYYQ4JU,1 1 1 1 1 1 1 1 1 1,555,1 1 0 0 1 0 0 0 0 0,70 36 31 54 14 87 26 40 98 99,60.8119,19.9833,1,3.1655 0.9756 3.0717 0.6399 0.3998 0.3119 0.4958 0.4318 0.3038 0.3440
A3IL33FF8JRGM0,3X1FV8S5JYZAUP214GKTAFIWAPLVGB,3DWNFENNE33I4UBT2OZ79IFEYYQ4JU,1 1 1 1 1 1 1 1 1 1,490,1 1 0 1 1 1 0 0 0 1,69 16 29 53 97 4 33 72 37 80,71.3765,21.3944,0,3.9018 2.3597 1.1839 0.9598 0.8868 1.7850 0.7034 0.7203 0.6241 0.5518
A19D2W1PR68NO,3DPNQGW4LMN93JUG87AKPY5U3RK465,3DWNFENNE33I4UBT2OZ79IFEYYQ4JU,1 1 1 1 1 1 1 1 1 1,529,1 1 0 0 0 0 0 0 0 1,85 7 36 44 87 50 69 31 37 83,889.3767,48.6292,2,8.0659 5.7975 1.0239 2.6119 4.2591 4.4331 3.0034 1.4392 0.9877 4.1986
A2PBFNLF653SMP,33IZTU6J8295OJGNZVFSNEYKEBRSXZ,3DWNFENNE33I4UBT2OZ79IFEYYQ4JU,1 1 1 1 1 1 1 1 1 1,514,1 1 1 0 0 0 0 0 1 1,9 26 99 13 99 84 55 43 76 10,69.3370,32.9230,0,5.0940 7.7930 12.7850 3.4190 2.1670 4.8800 2.1190 2.2410 2.8810 2.0400
AOWW3URQNRJ6U,3L6L49WXW15DKFU23O0FXSRU7Z354Q,3DWNFENNE33I4UBT2OZ79IFEYYQ4JU,1 1 1 1 1 1 1 1 1 1,455,0 1 1 1 1 0 0 0 1 1,10 55 61 41 22 39 51 46 60 70,1416.8819,26.8697,1,4.9494 1.2858 0.5398 0.4761 0.4340 0.4591 0.4031 0.4359 0.3832 0.3039
AO7D2ISPG86RL,3PS7W85Z80AG2NB4LFE4HG8O9U79TL,3DWNFENNE33I4UBT2OZ79IFEYYQ4JU,1 1 1 1 1 1 1 1 1 1,517,1 1 1 1 1 1 1 1 1 1,29 57 34 68 56 48 66 92 23 44,67.7270,136.1678,0,9.1860 4.1598 2.1919 1.7839 1.5360 1.7916 1.6958 1.4318 2.5359 5.3521
A286ZTHWVCNEUL,3NKQQ8O39ZD75Q3AX09G88DGJTTUDE,3DWNFENNE33I4UBT2OZ79IFEYYQ4JU,1 1 1 1 1 1 1 1 1 1,496,1 1 1 1 1 0 0 1 1 0,73 87 89 28 11 48 38 100 13 9,9.3294,25.0038,0,3.7185 5.2058 2.1556 2.0708 0.8627 1.7263 1.6011 0.9522 1.0663 4.9648
A1WVNDH62P2UNZ,3Q5C1WP23N9WSGXJG6HDZUKRVF115H,3DWNFENNE33I4UBT2OZ79IFEYYQ4JU,1 1 1 1 1 1 1 1 1 1,469,1 1 1 1 1 1 1 1 1 1,48 40 56 63 17 83 22 56 32 52,51.3880,79.6660,1,12.7980 2.2040 1.3500 0.6740 1.1080 0.7660 0.8980 1.6800 0.9400 0.6470
A1HIFA234B4LTH,3D4CH1LGEB1CXIPY1FFXIXTZJ04G9O,3DWNFENNE33I4UBT2OZ79IFEYYQ4JU,1 1 1 1 1 1 1 1 1 1,610,1 1 1 1 1 1 1 1 1 1,76 10 65 92 1 70 96 82 43 75,2.4938,33.8315,1,3.1733 0.9517 2.1678 0.8318 0.6638 0.7918 0.5997 0.7046 0.7199 0.9519
A1TPGXT718D68E,3IX2EGZR7CRSSKBL320M6VL9HEXRJW,3DWNFENNE33I4UBT2OZ79IFEYYQ4JU,1 1 1 1 1 1 1 1 1 1,422,1 0 0 0 1 1 0 0 1 0,23 97 34 13 44 13 22 24 55 97,181.8057,30.7083,1,14.6995 4.0135 1.3915 1.4100 0.8476 1.5776 0.8495 0.8175 0.7216 0.6715
A13QMHRY10V3XD,3FTYUGLFSVTQKBDVWZ180WL0KCE5DL,3DWNFENNE33I4UBT2OZ79IFEYYQ4JU,1 1 1 1 1 1 1 1 1 1,521,1 0 1 1 1 0 1 0 1 1,65 22 65 94 24 38 62 20 62 69,57.9519,72.2265,2,11.3759 4.7605 5.6089 2.1763 2.6484 4.8087 3.5204 4.5926 2.9764 3.2084
AKIBWXIRFTSVV,3IOEN3P9S8RSBKXXLPRIR0YRRAW61M,3DWNFENNE33I4UBT2OZ79IFEYYQ4JU,1 1 1 1 1 1 1 1 1 1,441,1 1 1 1 1 0 0 0 0 1,24 54 40 84 42 96 38 8 44 11,88.7975,69.6562,0,6.7967 3.7436 0.8878 2.3359 5.8242 0.9360 1.3280 1.1519 2.3840 1.6720
AX7GXFVBO00TE,3QY5DC2MXSS43AH6O646W8G1V74FU7,3DWNFENNE33I4UBT2OZ79IFEYYQ4JU,1 1 1 1 1 1 1 1 1 1,429,1 0 1 1 0 0 0 0 0 0,79 72 0 46 70 54 27 24 30 27,90.3356,37.1858,0,7.9643 5.1087 2.5239 7.5424 3.7197 1.2804 5.3198 1.1733 1.2605 1.5734
A1OX7P2VP3XCK3,3KJYX6QCMAJKLRS2CM5W7SAC2L9JVI,3DWNFENNE33I4UBT2OZ79IFEYYQ4JU,1 1 1 1 1 1 1 1 1 1,527,1 1 0 1 1 1 1 1 1 1,52 81 15 26 44 99 98 10 43 59,16.8395,50.9369,1,6.1978 5.9659 1.7986 1.6717 2.5508 3.4081 0.9346 1.2718 7.9513 2.0469
A36XG2BJZH6ZKJ,3G2UL9A02EM6M6CZA58RSAP4UXM67B,37NXA7GVSTENTXI8P5C7YNSJFA8LVB,1 1 1 1 1 1 1 1 1 1,476,1 0 0 0 1 0 0 1 1 1,77 57 43 54 48 16 26 44 64 47,3.6380,19.5620,2,5.6580 1.3170 5.6020 7.0030 3.5020 3.0500 2.0830 3.2130 1.3000 1.4210
A1BZ1VD8V8VJML,3NGI5ARFTUD0LQF20LQRX0P8MGCP13,37NXA7GVSTENTXI8P5C7YNSJFA8LVB,1 1 1 1 1 1 1 1 1 1,451,1 1 0 0 0 1 1 1 1 1,51 11 31 44 5 66 55 89 29 70,51.2382,17.5385,0,4.4919 4.2608 2.5537 1.8015 2.5222 0.9179 1.8776 4.1471 3.9731 1.7934
A2M1CVZZJAN4T4,3IO1LGZLKA5AMKHIKA0X6ALZ5HS68Y,37NXA7GVSTENTXI8P5C7YNSJFA8LVB,1 1 1 1 1 1 1 1 1 1,410,1 1 1 1 1 1 0 1 1 1,27 55 54 88 13 1 26 71 33 42,89.2937,35.2312,0,5.3725 9.0985 3.1843 1.7560 1.3880 1.0000 7.2029 0.9742 9.1905 1.0001
A38USYKE9P7Z9O,3VJ40NV2QJVJ9AFAN4XME63D4U7OTU,37NXA7GVSTENTXI8P5C7YNSJFA8LVB,1 1 1 1 1 1 1 1 1 1,576,1 1 1 1 1 1 1 1 0 1,49 87 45 90 88 69 76 2 31 39,78.2423,26.5246,0,6.9190 2.6731 1.5401 4.0879 3.5200 1.1050 1.5858 2.0280 1.4131 2.5014
A245CPNDUDHUYX,37TD41K0AIHHLL5S8ZJ591DADXACSW,37NXA7GVSTENTXI8P5C7YNSJFA8LVB,1 1 1 1 1 1 1 1 1 1,564,1 1 1 1 0 1 0 1 1 1,83 92 10 9 42 42 30 85 96 75,72.5160,52.8120,1,5.0960 2.1050 2.0750 1.6700 1.8600 1.1920 1.9180 0.7160 1.0380 0.7150
AOTSBJGYMR4N8,3O7L7BFSHFX7O5MAZEVMVN7QPBLEIZ,37NXA7GVSTENTXI8P5C7YNSJFA8LVB,1 1 1 1 1 1 1 1 1 1,550,1 1 0 1 1 1 1 1 1 1,86 67 31 36 81 4 97 24 44 80,182.8709,27.5315,0,3.3420 1.3982 2.0583 1.5100 0.7396 0.8102 1.8747 1.0136 0.7595 0.7497
A26PG3B9BZ65K8,3VNL7UK1XGRP3X2HO1EWRCUZCTGTFD,37NXA7GVSTENTXI8P5C7YNSJFA8LVB,1 1 1 1 1 1 1 1 1 1,438,1 1 1 1 1 1 1 0 0 0,67 88 7 67 14 24 27 71 59 14,50.6281,22.8398,0,5.3576 3.3048 4.6719 2.1516 4.9594 1.0398 3.9359 1.1759 1.1681 1.0000
A3CHEPE7BQHSY7,3B2X28YI3XNTOIFPNMK7XCB0DNE6BY,37NXA7GVSTENTXI8P5C7YNSJFA8LVB,1 1 1 1 1 1 1 1 1 1,585,1 1 0 1 1 0 0 1 1 0,53 69 48 46 38 59 59 98 50 65,88.0392,54.3098,1,10.0021 4.6999 6.2856 7.9882 2.1884 1.4521 3.6207 2.4753 1.7864 1.6459
A1VJ6JU89HP7MC,3A1COHJ8NK3QJ91ZGTR131APEVC8H5,37NXA7GVSTENTXI8P5C7YNSJFA8LVB,1 1 1 1 1 1 1 1 1 1,431,0 1 0 0 1 1 1 1 0 0,66 100 12 44 39 48 1 21 41 59,2.5727,35.4336,0,4.1326 8.7514 1.1597 0.8552 0.7841 0.5768 0.7362 0.6719 1.1031 1.8720
A2IJ3DHPY8RP0A,32RIADZISTCEQHSDFKDNQ31MLKX4SF,37NXA7GVSTENTXI8P5C7YNSJFA8LVB,1 1 1 1 1 1 1 1 1 1,358,0 1 1 1 1 0 0 0 0 0,8 56 21 58 2 28 18 43 32 92,4.6290,226.1330,0,13.9450 0.9910 3.6710 1.8640 0.7360 1.1030 0.7840 0.6230 0.9750 0.5670
A3PV30J81HD2RU,33C7UALJVM6FFYGLE4OGBEUIX6I181,37NXA7GVSTENTXI8P5C7YNSJFA8LVB,1 1 1 1 1 1 1 1 1 1,513,1 1 0 1 1 0 1 1 0 0,11 44 12 96 98 1 63 33 80 75,126.5386,71.3497,1,11.0187 6.7090 10.0770 3.6603 3.4816 3.5047 1.7298 4.7592 5.3179 3.4877
A140DTJHRHQM4F,3FTOP5WARGW4SQRM9PH7MZKM8P6J00,37NXA7GVSTENTXI8P5C7YNSJFA8LVB,1 1 1 1 1 1 1 1 1 1,527,1 1 0 1 1 1 0 0 1 1,77 52 44 70 99 55 33 12 21 64,30.7752,34.4666,0,3.3430 1.3217 1.3958 1.5194 1.0446 2.8753 1.9120 0.6059 0.7753 0.6170
A21SF3IKIZB0VN,null,37NXA7GVSTENTXI8P5C7YNSJFA8LVB,1 1 1 1 1 1 1 1 1 1,452,1 1 1 0 0 1 1 1 1 0,97 65 6 35 10 93 50 26 41 29,63.8638,44.0955,1,7.8519 2.6360 2.3973 1.9253 4.7321 3.6769 1.6081 1.5599 1.8681 15.8042
AHNPQ8VJZUBD1,3IJXV6UZ1YRWX9RFLKFMUU6940HRIV,37NXA7GVSTENTXI8P5C7YNSJFA8LVB,1 1 1 1 1 1 1 1 1 1,386,1 0 1 0 0 1 0 1 1 1,80 50 29 89 7 48 19 24 39 1,68.0638,21.8324,0,5.5015 4.0636 4.7758 2.8801 2.1996 1.9271 7.2960 1.4878 1.7769 2.1349
AOHTK6L54UWWF,3SB5N7Y3O4CU1O1L1JW4PMS6GXRG0V,37NXA7GVSTENTXI8P5C7YNSJFA8LVB,1 1 1 1 1 1 1 1 1 1,486,0 0 1 1 1 1 0 1 1 1,68 6 50 62 52 19 41 69 60 59,21.6530,20.2260,0,4.3350 0.8240 0.5210 0.7200 0.6000 0.6080 0.6640 1.1200 0.6950 4.2720
A31CCBBFUBZMSC,3YHH42UU5CNANGFMCATK2EXECEEL07,37NXA7GVSTENTXI8P5C7YNSJFA8LVB,1 1 1 1 1 1 1 1 1 1,595,1 1 1 1 1 1 1 1 1 1,12 93 77 39 56 88 81 90 40 19,6.6152,48.5820,1,6.2883 4.5992 3.7202 2.0314 2.0798 1.5842 0.9606 0.9037 1.4636 1.3437
ARH4SZG5Q5B4J,3V26SBZTBEMRUQ2GV5XLGSBY9U5ZZW,37NXA7GVSTENTXI8P5C7YNSJFA8LVB,1 1 1 1 1 1 1 1 1 1,475,0 1 1 0 1 1 0 1 1 1,20 24 68 35 72 4 29 79 96 48,2.4870,21.3790,0,10.9570 4.3910 4.1760 2.0170 0.8960 1.2000 1.7680 0.6320 2.7930 2.4870
A397UZ7NAKTL0P,3M1CVSFP61DHFQTHWHY9868LV6FAQE,37NXA7GVSTENTXI8P5C7YNSJFA8LVB,1 1 1 1 1 1 1 1 1 1,459,1 1 0 0 1 1 1 0 1 1,93 55 75 34 65 14 1 18 85 19,5.7711,10.5758,0,21.2253 4.2864 2.2480 1.8077 1.0946 0.9762 1.0731 0.9896 3.0800 1.2643
A15XMYNO2EXKV1,3FTOP5WARGW4SQRM9PH7MZKM8PBJ05,37NXA7GVSTENTXI8P5C7YNSJFA8LVB,1 1 1 1 1 1 1 1 1 1,573,1 1 1 0 1 1 1 1 1 1,66 60 51 15 67 26 83 83 99 23,3.5820,36.1940,0,6.4700 1.7530 4.7050 1.4000 1.2280 1.4000 1.0960 1.8480 1.3030 1.6360
A2N2V517FVOBVZ,3X4MXAO0BHWEY4BKA1J1VLFHJBKWRC,37NXA7GVSTENTXI8P5C7YNSJFA8LVB,1 1 1 1 1 1 1 1 1 1,457,0 1 0 0 1 1 0 1 0 1,24 17 100 13 77 50 55 45 26 50,16.2803,7.6973,0,1.9548 0.9355 0.3359 2.3370 0.4959 0.4642 0.8077 0.9277 1.8163 1.1673
A2K4OJDQPXIU5T,3T111IHZ5FY3M8YCHQ99H176LB09R2,37NXA7GVSTENTXI8P5C7YNSJFA8LVB,1 1 1 1 1 1 1 1 1 1,476,1 0 1 1 1 0 1 1 0 1,32 3 97 92 16 27 73 16 44 76,33.3760,4.0570,0,1.0540 0.7760 0.4480 0.5840 3.4560 2.6400 0.5670 0.6480 1.9360 0.8080
A39RDFL447IDSP,3TOK3KHVJUQWBCI3A1UL9ABVFYS7OF,37NXA7GVSTENTXI8P5C7YNSJFA8LVB,1 1 1 1 1 1 1 1 1 1,447,1 1 0 1 1 1 0 1 1 1,42 95 2 20 50 39 36 59 77 27,3.1410,11.2171,0,2.6119 0.5115 0.7204 0.4397 0.6165 0.7587 2.8285 0.7907 0.7198 2.2397
A2Y5I2HJTRFR8H,3UXUOQ9OKF5798O20IP38FRQQHQ7AI,37NXA7GVSTENTXI8P5C7YNSJFA8LVB,1 1 1 1 1 1 1 1 1 1,395,0 1 1 0 1 0 0 1 0 0,42 74 7 45 16 72 51 22 10 56,69.4540,21.0188,0,3.7906 0.9918 0.6871 0.7192 1.0764 0.4630 1.1643 0.9319 0.5157 0.4524
AGTIA5T9ET7AA,3KJYX6QCMAJKLRS2CM5W7SAC2MRVJE,37NXA7GVSTENTXI8P5C7YNSJFA8LVB,1 1 1 1 1 1 1 1 1 1,662,1 1 1 1 1 1 1 1 1 1,95 35 60 68 95 100 45 38 65 61,16.0226,41.1069,2,16.1395 4.3554 2.1437 3.6738 0.7380 1.5957 0.6800 1.6517 0.8960 0.8499
A3FF0JJBUSBGAY,3SITXWYCNWH67XZLO9TXXPOKASRXBZ,37NXA7GVSTENTXI8P5C7YNSJFA8LVB,1 1 1 1 1 1 1 1 1 1,494,1 1 1 1 1 1 1 1 0 0,84 28 70 26 4 90 54 0 100 38,132.2942,31.9162,0,6.1736 3.5640 2.6600 4.6399 6.2958 5.7519 1.9559 3.9239 4.6039 2.5639
A2482SLAY120J2,3QFUFYSY9ZN5MCNR90DOJ4I7WVG4FB,37NXA7GVSTENTXI8P5C7YNSJFA8LVB,1 1 1 1 1 1 1 1 1 1,513,1 1 1 1 1 1 1 1 1 1,6 69 83 63 25 84 77 26 24 56,108.6000,69.8945,1,13.6609 3.7341 3.2556 4.6795 2.0780 1.3758 1.5511 3.4661 1.5604 1.4720
